Slope,rep,Topo,Aspect,current.year,start.year,cage,caged,severity,bank,germination,earlydeath,reproductive,percent,previous,totalseedpods,avgseedpods,proportionseeded,sdays,daysseeding,finalseedbank,ph,ec,som,nitrogen,carbon,decrain,janrain,febrain,marchrain,aprilrain,mayrain,totalrain,decsolar,avgdecsolar,jansolar,avgjansolar,febsolar,avgfebsolar,marchsolar,avgmarchsolar,aprilsolar,avgaprilsolar,maysolar,avgmaysolar,totalsolar
gentle,1,South Gentle,south,1,1,none,No Cage,Severe,40,1,1,0,2.50%,no,0,0,0,,,39,6.2,29.55,2.43,0.05107025,0.41182745,90.083,10.914,3.039,8.633,15.74,16.249,144.658,2955,95.3,3834,123.7,3743,133.7,5642,182,7058,235.3,7390,238.4,30622
gentle,1,South Gentle,south,1,1,big,Caged,No Herbivory,40,4,4,0,10.00%,no,0,0,0,,,36,5.97,29.4,3.1305,0.034872385,0.2726921,90.083,10.914,3.039,8.633,15.74,16.249,144.658,2955,95.3,3834,123.7,3743,133.7,5642,182,7058,235.3,7390,238.4,30622
gentle,1,South Gentle,south,1,1,small,Caged,No Herbivory,40,0,0,0,0.00%,no,0,0,,,,40,5.665,48.7,2.7,0.02351763,0.59764135,90.083,10.914,3.039,8.633,15.74,16.249,144.658,2955,95.3,3834,123.7,3743,133.7,5642,182,7058,235.3,7390,238.4,30622
gentle,2,South Gentle,south,1,1,none,No Cage,Severe,40,1,1,0,2.50%,no,0,0,0,,,39,6.05,31.9,3.335,0.071009595,0.9018188,90.083,10.914,3.039,8.633,15.74,16.249,144.658,2955,95.3,3834,123.7,3743,133.7,5642,182,7058,235.3,7390,238.4,30622
gentle,2,South Gentle,south,1,1,big,Caged,Mild,40,1,1,0,2.50%,no,0,0,0,,,39,6.05,35.55,4.71,0.084710795,1.0261715,90.083,10.914,3.039,8.633,15.74,16.249,144.658,2955,95.3,3834,123.7,3743,133.7,5642,182,7058,235.3,7390,238.4,30622
gentle,2,South Gentle,south,1,1,small,Caged,No Herbivory,40,0,0,0,0.00%,no,0,0,,,,40,6.04,39.7,5.965,0.10647238,1.785604,90.083,10.914,3.039,8.633,15.74,16.249,144.658,2955,95.3,3834,123.7,3743,133.7,5642,182,7058,235.3,7390,238.4,30622
gentle,3,South Gentle,south,1,1,none,No Cage,No Herbivory,40,0,0,0,0.00%,no,0,0,,,,40,5.49,40,4.585,0.088741215,1.1707635,90.083,10.914,3.039,8.633,15.74,16.249,144.658,2955,95.3,3834,123.7,3743,133.7,5642,182,7058,235.3,7390,238.4,30622
gentle,3,South Gentle,south,1,1,big,Caged,No Herbivory,40,0,0,0,0.00%,no,0,0,,,,40,5.545,24.55,3.475,0.049255829,0.68140035,90.083,10.914,3.039,8.633,15.74,16.249,144.658,2955,95.3,3834,123.7,3743,133.7,5642,182,7058,235.3,7390,238.4,30622
gentle,3,South Gentle,south,1,1,small,Caged,Mild,40,1,1,0,2.50%,no,0,0,0,,,39,5.28,30.8,2.4095,0.02624376,0.6555965,90.083,10.914,3.039,8.633,15.74,16.249,144.658,2955,95.3,3834,123.7,3743,133.7,5642,182,7058,235.3,7390,238.4,30622
ridge,1,No.aspect Ridge,no.aspect,1,1,none,No Cage,No Herbivory,40,0,0,0,0.00%,no,0,0,,,,40,5.6,17,3.26,0.077025355,0.778946,90.083,10.914,3.039,8.633,15.74,16.249,144.658,2955,95.3,3834,123.7,3743,133.7,5642,182,7058,235.3,7390,238.4,30622
ridge,1,No.aspect Ridge,no.aspect,1,1,big,Caged,No Herbivory,40,0,0,0,0.00%,no,0,0,,,,40,6.005,47.75,5.795,0.0808851,1.63661885,90.083,10.914,3.039,8.633,15.74,16.249,144.658,2955,95.3,3834,123.7,3743,133.7,5642,182,7058,235.3,7390,238.4,30622
ridge,1,No.aspect Ridge,no.aspect,1,1,small,Caged,No Herbivory,40,0,0,0,0.00%,no,0,0,,,,40,6.2,30.65,3.104,0,0.69382165,90.083,10.914,3.039,8.633,15.74,16.249,144.658,2955,95.3,3834,123.7,3743,133.7,5642,182,7058,235.3,7390,238.4,30622
ridge,2,No.aspect Ridge,no.aspect,1,1,none,No Cage,No Herbivory,40,1,1,0,2.50%,no,0,0,0,,,39,6.29,38.45,3.87,0,0.9661617,90.083,10.914,3.039,8.633,15.74,16.249,144.658,2955,95.3,3834,123.7,3743,133.7,5642,182,7058,235.3,7390,238.4,30622
ridge,2,No.aspect Ridge,no.aspect,1,1,big,Caged,No Herbivory,40,0,0,0,0.00%,no,0,0,,,,40,5.48,51.1,6.8,0.079254195,1.03387125,90.083,10.914,3.039,8.633,15.74,16.249,144.658,2955,95.3,3834,123.7,3743,133.7,5642,182,7058,235.3,7390,238.4,30622
ridge,2,No.aspect Ridge,no.aspect,1,1,small,Caged,Mild,40,11,11,0,27.50%,no,0,0,0,,,29,6.625,40.05,0.575,0.033405905,0.4886722,90.083,10.914,3.039,8.633,15.74,16.249,144.658,2955,95.3,3834,123.7,3743,133.7,5642,182,7058,235.3,7390,238.4,30622
ridge,3,No.aspect Ridge,no.aspect,1,1,none,No Cage,Mild,40,5,5,0,12.50%,no,0,0,0,,,35,6.195,31.45,4.705,0.087311655,0.77844155,90.083,10.914,3.039,8.633,15.74,16.249,144.658,2955,95.3,3834,123.7,3743,133.7,5642,182,7058,235.3,7390,238.4,30622
ridge,3,No.aspect Ridge,no.aspect,1,1,big,Caged,No Herbivory,40,0,0,0,0.00%,no,0,0,,,,40,6.24,40.15,3.43,0,0.7859843,90.083,10.914,3.039,8.633,15.74,16.249,144.658,2955,95.3,3834,123.7,3743,133.7,5642,182,7058,235.3,7390,238.4,30622
ridge,3,No.aspect Ridge,no.aspect,1,1,small,Caged,Mild,40,1,1,0,2.50%,no,0,0,0,,,39,6.46,26.65,4.325,0.056994475,0.7098949,90.083,10.914,3.039,8.633,15.74,16.249,144.658,2955,95.3,3834,123.7,3743,133.7,5642,182,7058,235.3,7390,238.4,30622
steep,1,South Steep,south,1,1,none,No Cage,Severe,40,4,4,0,10.00%,no,0,0,0,,,36,6.67,17.9,0.9735,0.029109955,0.29065965,90.083,10.914,3.039,8.633,15.74,16.249,144.658,2955,95.3,3834,123.7,3743,133.7,5642,182,7058,235.3,7390,238.4,30622
steep,1,South Steep,south,1,1,big,Caged,No Herbivory,40,7,6,1,17.50%,no,3,3,14.28571429,83,14,39,6.61,6.35,1.9245,0.025188235,0.12230563,90.083,10.914,3.039,8.633,15.74,16.249,144.658,2955,95.3,3834,123.7,3743,133.7,5642,182,7058,235.3,7390,238.4,30622
steep,1,South Steep,south,1,1,small,Caged,Mild,40,9,9,0,22.50%,no,0,0,0,,,31,6.345,11.7,2.396,0.026917945,0.26728505,90.083,10.914,3.039,8.633,15.74,16.249,144.658,2955,95.3,3834,123.7,3743,133.7,5642,182,7058,235.3,7390,238.4,30622
steep,2,South Steep,south,1,1,none,No Cage,Severe,40,12,12,0,30.00%,no,0,0,0,,,28,6.745,13.5,1.356,0.019222375,0,90.083,10.914,3.039,8.633,15.74,16.249,144.658,2955,95.3,3834,123.7,3743,133.7,5642,182,7058,235.3,7390,238.4,30622
steep,2,South Steep,south,1,1,big,Caged,Severe,40,2,2,0,5.00%,no,0,0,0,,,38,6.49,29.65,2.068,0.028855335,0.20495255,90.083,10.914,3.039,8.633,15.74,16.249,144.658,2955,95.3,3834,123.7,3743,133.7,5642,182,7058,235.3,7390,238.4,30622
steep,2,South Steep,south,1,1,small,Caged,Mild,40,5,5,0,12.50%,no,0,0,0,,,35,6.64,18.25,1.107,0.047090505,0.31778755,90.083,10.914,3.039,8.633,15.74,16.249,144.658,2955,95.3,3834,123.7,3743,133.7,5642,182,7058,235.3,7390,238.4,30622
steep,3,South Steep,south,1,1,none,No Cage,No Herbivory,40,6,6,0,15.00%,no,0,0,0,,,34,6.02,34.5,1.589,0.01708491,0.29584435,90.083,10.914,3.039,8.633,15.74,16.249,144.658,2955,95.3,3834,123.7,3743,133.7,5642,182,7058,235.3,7390,238.4,30622
steep,3,South Steep,south,1,1,big,Caged,No Herbivory,40,2,2,0,5.00%,no,0,0,0,,,38,5.74,31.4,1.818,0.03967767,0.6011692,90.083,10.914,3.039,8.633,15.74,16.249,144.658,2955,95.3,3834,123.7,3743,133.7,5642,182,7058,235.3,7390,238.4,30622
steep,3,South Steep,south,1,1,small,Caged,No Herbivory,40,6,6,0,15.00%,no,0,0,0,,,34,6.935,17.75,2.37,0.05470376,0.9791892,90.083,10.914,3.039,8.633,15.74,16.249,144.658,2955,95.3,3834,123.7,3743,133.7,5642,182,7058,235.3,7390,238.4,30622
swale,1,No.aspect Swale,no.aspect,1,1,none,No Cage,Severe,40,1,1,0,2.50%,no,0,0,0,,,39,6.29,23.75,2.4342,0.02079592,1.0641207,90.083,10.914,3.039,8.633,15.74,16.249,144.658,2955,95.3,3834,123.7,3743,133.7,5642,182,7058,235.3,7390,238.4,30622
swale,1,No.aspect Swale,no.aspect,1,1,big,Caged,Mild,40,7,7,0,17.50%,no,0,0,0,,,33,5.015,46.25,2.892,0,0.9144148,90.083,10.914,3.039,8.633,15.74,16.249,144.658,2955,95.3,3834,123.7,3743,133.7,5642,182,7058,235.3,7390,238.4,30622
swale,1,No.aspect Swale,no.aspect,1,1,small,Caged,No Herbivory,40,3,3,0,7.50%,no,0,0,0,,,37,5.72,33.45,4.50555,0.07135144,2.644816,90.083,10.914,3.039,8.633,15.74,16.249,144.658,2955,95.3,3834,123.7,3743,133.7,5642,182,7058,235.3,7390,238.4,30622
swale,2,No.aspect Swale,no.aspect,1,1,none,No Cage,Severe,40,3,3,0,7.50%,no,0,0,0,,,37,5.835,26.9,1.02,0.025871695,0.47099525,90.083,10.914,3.039,8.633,15.74,16.249,144.658,2955,95.3,3834,123.7,3743,133.7,5642,182,7058,235.3,7390,238.4,30622
swale,2,No.aspect Swale,no.aspect,1,1,big,Caged,Mild,40,1,1,0,2.50%,no,0,0,0,,,39,6.465,23.7,1.915,0.04445328,0.3876331,90.083,10.914,3.039,8.633,15.74,16.249,144.658,2955,95.3,3834,123.7,3743,133.7,5642,182,7058,235.3,7390,238.4,30622
swale,2,No.aspect Swale,no.aspect,1,1,small,Caged,Mild,40,6,4,2,15.00%,no,8,4,33.33333333,83,0,50,6.075,39.9,1.9,0.06904331,0.8546079,90.083,10.914,3.039,8.633,15.74,16.249,144.658,2955,95.3,3834,123.7,3743,133.7,5642,182,7058,235.3,7390,238.4,30622
swale,3,No.aspect Swale,no.aspect,1,1,none,No Cage,Severe,40,2,2,0,5.00%,no,0,0,0,,,38,7.52,38.85,1.7475,0.02187346,0.6397984,90.083,10.914,3.039,8.633,15.74,16.249,144.658,2955,95.3,3834,123.7,3743,133.7,5642,182,7058,235.3,7390,238.4,30622
swale,3,No.aspect Swale,no.aspect,1,1,big,Caged,Mild,40,11,11,0,27.50%,no,0,0,0,,,29,5.855,23.5,1.3555,0.01921891,0.5112983,90.083,10.914,3.039,8.633,15.74,16.249,144.658,2955,95.3,3834,123.7,3743,133.7,5642,182,7058,235.3,7390,238.4,30622
swale,3,No.aspect Swale,no.aspect,1,1,small,Caged,Mild,40,5,5,0,12.50%,no,0,0,0,,,35,6.3,14,3.81,0.058379525,0.5739372,90.083,10.914,3.039,8.633,15.74,16.249,144.658,2955,95.3,3834,123.7,3743,133.7,5642,182,7058,235.3,7390,238.4,30622
gentle,1,South Gentle,south,2,1,none,No Cage,Mild,39,1,1,0,2.56%,no,0,0,0,,,38,6.2,29.55,2.43,0.05107025,0.41182745,56.34,63.918,18.277,68.255,24.874,21.068,252.732,3056,98.6,2944,95,4596,158.4,5389,173.8,7281,242,7085,228.5,30351
gentle,1,South Gentle,south,2,1,big,Caged,Severe,36,3,1,2,8.33%,no,22,11,66.66666667,82,31,77,5.97,29.4,3.1305,0.034872385,0.2726921,56.34,63.918,18.277,68.255,24.874,21.068,252.732,3056,98.6,2944,95,4596,158.4,5389,173.8,7281,242,7085,228.5,30351
gentle,1,South Gentle,south,2,1,small,Caged,No Herbivory,40,0,0,0,0.00%,no,0,0,,,,40,5.665,48.7,2.7,0.02351763,0.59764135,56.34,63.918,18.277,68.255,24.874,21.068,252.732,3056,98.6,2944,95,4596,158.4,5389,173.8,7281,242,7085,228.5,30351
gentle,2,South Gentle,south,2,1,none,No Cage,Severe,39,2,1,1,5.13%,no,63,63,0,82,31,163,6.05,31.9,3.335,0.071009595,0.9018188,56.34,63.918,18.277,68.255,24.874,21.068,252.732,3056,98.6,2944,95,4596,158.4,5389,173.8,7281,242,7085,228.5,30351
gentle,2,South Gentle,south,2,1,big,Caged,No Herbivory,39,0,0,0,0.00%,no,0,0,,,,39,6.05,35.55,4.71,0.084710795,1.0261715,56.34,63.918,18.277,68.255,24.874,21.068,252.732,3056,98.6,2944,95,4596,158.4,5389,173.8,7281,242,7085,228.5,30351
gentle,2,South Gentle,south,2,1,small,Caged,Mild,40,3,1,2,7.50%,no,108,54,66.66666667,82,31,253,6.04,39.7,5.965,0.10647238,1.785604,56.34,63.918,18.277,68.255,24.874,21.068,252.732,3056,98.6,2944,95,4596,158.4,5389,173.8,7281,242,7085,228.5,30351
gentle,3,South Gentle,south,2,1,none,No Cage,No Herbivory,40,0,0,0,0.00%,no,0,0,,,,40,5.49,40,4.585,0.088741215,1.1707635,56.34,63.918,18.277,68.255,24.874,21.068,252.732,3056,98.6,2944,95,4596,158.4,5389,173.8,7281,242,7085,228.5,30351
gentle,3,South Gentle,south,2,1,big,Caged,Mild,40,3,3,0,7.50%,no,0,0,0,,,37,5.545,24.55,3.475,0.049255829,0.68140035,56.34,63.918,18.277,68.255,24.874,21.068,252.732,3056,98.6,2944,95,4596,158.4,5389,173.8,7281,242,7085,228.5,30351
gentle,3,South Gentle,south,2,1,small,Caged,Mild,39,2,1,1,5.13%,no,249,249,50,82,45,535,5.28,30.8,2.4095,0.02624376,0.6555965,56.34,63.918,18.277,68.255,24.874,21.068,252.732,3056,98.6,2944,95,4596,158.4,5389,173.8,7281,242,7085,228.5,30351
ridge,1,No.aspect Ridge,no.aspect,2,1,none,No Cage,Severe,40,1,0,1,2.50%,no,42,42,100,82,0,123,5.6,17,3.26,0.077025355,0.778946,56.34,63.918,18.277,68.255,24.874,21.068,252.732,3056,98.6,2944,95,4596,158.4,5389,173.8,7281,242,7085,228.5,30351
ridge,1,No.aspect Ridge,no.aspect,2,1,big,Caged,Severe,40,2,0,2,5.00%,no,62,31,100,68,57,162,6.005,47.75,5.795,0.0808851,1.63661885,56.34,63.918,18.277,68.255,24.874,21.068,252.732,3056,98.6,2944,95,4596,158.4,5389,173.8,7281,242,7085,228.5,30351
ridge,1,No.aspect Ridge,no.aspect,2,1,small,Caged,Mild,40,5,2,3,12.50%,no,94,31.33333333,60,78,20.66666667,223,6.2,30.65,3.104,0,0.69382165,56.34,63.918,18.277,68.255,24.874,21.068,252.732,3056,98.6,2944,95,4596,158.4,5389,173.8,7281,242,7085,228.5,30351
ridge,2,No.aspect Ridge,no.aspect,2,1,none,No Cage,Severe,39,3,3,0,7.69%,no,0,0,0,,,36,6.29,38.45,3.87,0,0.9661617,56.34,63.918,18.277,68.255,24.874,21.068,252.732,3056,98.6,2944,95,4596,158.4,5389,173.8,7281,242,7085,228.5,30351
ridge,2,No.aspect Ridge,no.aspect,2,1,big,Caged,No Herbivory,40,0,0,0,0.00%,no,0,0,,,,40,5.48,51.1,6.8,0.079254195,1.03387125,56.34,63.918,18.277,68.255,24.874,21.068,252.732,3056,98.6,2944,95,4596,158.4,5389,173.8,7281,242,7085,228.5,30351
ridge,2,No.aspect Ridge,no.aspect,2,1,small,Caged,Severe,29,2,1,1,6.90%,no,7,7,50,70,14,41,6.625,40.05,0.575,0.033405905,0.4886722,56.34,63.918,18.277,68.255,24.874,21.068,252.732,3056,98.6,2944,95,4596,158.4,5389,173.8,7281,242,7085,228.5,30351
ridge,3,No.aspect Ridge,no.aspect,2,1,none,No Cage,Severe,35,1,1,0,2.86%,no,0,0,0,,,34,6.195,31.45,4.705,0.087311655,0.77844155,56.34,63.918,18.277,68.255,24.874,21.068,252.732,3056,98.6,2944,95,4596,158.4,5389,173.8,7281,242,7085,228.5,30351
ridge,3,No.aspect Ridge,no.aspect,2,1,big,Caged,No Herbivory,40,3,3,0,7.50%,no,0,0,0,,,37,6.24,40.15,3.43,0,0.7859843,56.34,63.918,18.277,68.255,24.874,21.068,252.732,3056,98.6,2944,95,4596,158.4,5389,173.8,7281,242,7085,228.5,30351
ridge,3,No.aspect Ridge,no.aspect,2,1,small,Caged,Mild,39,1,1,0,2.56%,no,0,0,0,,,38,6.46,26.65,4.325,0.056994475,0.7098949,56.34,63.918,18.277,68.255,24.874,21.068,252.732,3056,98.6,2944,95,4596,158.4,5389,173.8,7281,242,7085,228.5,30351
steep,1,South Steep,south,2,1,none,No Cage,Severe,36,2,2,0,5.56%,no,0,0,0,,,34,6.67,17.9,0.9735,0.029109955,0.29065965,56.34,63.918,18.277,68.255,24.874,21.068,252.732,3056,98.6,2944,95,4596,158.4,5389,173.8,7281,242,7085,228.5,30351
steep,1,South Steep,south,2,1,big,Caged,Mild,39,3,3,0,7.69%,yes,0,0,0,,,36,6.61,6.35,1.9245,0.025188235,0.12230563,56.34,63.918,18.277,68.255,24.874,21.068,252.732,3056,98.6,2944,95,4596,158.4,5389,173.8,7281,242,7085,228.5,30351
steep,1,South Steep,south,2,1,small,Caged,Mild,31,6,6,0,19.35%,no,0,0,0,,,25,6.345,11.7,2.396,0.026917945,0.26728505,56.34,63.918,18.277,68.255,24.874,21.068,252.732,3056,98.6,2944,95,4596,158.4,5389,173.8,7281,242,7085,228.5,30351
steep,2,South Steep,south,2,1,none,No Cage,No Herbivory,28,0,0,0,0.00%,no,0,0,,,,28,6.745,13.5,1.356,0.019222375,0,56.34,63.918,18.277,68.255,24.874,21.068,252.732,3056,98.6,2944,95,4596,158.4,5389,173.8,7281,242,7085,228.5,30351
steep,2,South Steep,south,2,1,big,Caged,No Herbivory,38,0,0,0,0.00%,no,0,0,,,,38,6.49,29.65,2.068,0.028855335,0.20495255,56.34,63.918,18.277,68.255,24.874,21.068,252.732,3056,98.6,2944,95,4596,158.4,5389,173.8,7281,242,7085,228.5,30351
steep,2,South Steep,south,2,1,small,Caged,No Herbivory,35,0,0,0,0.00%,no,0,0,,,,35,6.64,18.25,1.107,0.047090505,0.31778755,56.34,63.918,18.277,68.255,24.874,21.068,252.732,3056,98.6,2944,95,4596,158.4,5389,173.8,7281,242,7085,228.5,30351
steep,3,South Steep,south,2,1,none,No Cage,No Herbivory,34,0,0,0,0.00%,no,0,0,,,,34,6.02,34.5,1.589,0.01708491,0.29584435,56.34,63.918,18.277,68.255,24.874,21.068,252.732,3056,98.6,2944,95,4596,158.4,5389,173.8,7281,242,7085,228.5,30351
steep,3,South Steep,south,2,1,big,Caged,Severe,38,2,1,1,5.26%,no,49,49,50,68,45,134,5.74,31.4,1.818,0.03967767,0.6011692,56.34,63.918,18.277,68.255,24.874,21.068,252.732,3056,98.6,2944,95,4596,158.4,5389,173.8,7281,242,7085,228.5,30351
steep,3,South Steep,south,2,1,small,Caged,Mild,34,1,1,0,2.94%,no,0,0,0,,,33,6.935,17.75,2.37,0.05470376,0.9791892,56.34,63.918,18.277,68.255,24.874,21.068,252.732,3056,98.6,2944,95,4596,158.4,5389,173.8,7281,242,7085,228.5,30351
swale,1,No.aspect Swale,no.aspect,2,1,none,No Cage,No Herbivory,39,0,0,0,0.00%,no,0,0,,,,39,6.29,23.75,2.4342,0.02079592,1.0641207,56.34,63.918,18.277,68.255,24.874,21.068,252.732,3056,98.6,2944,95,4596,158.4,5389,173.8,7281,242,7085,228.5,30351
swale,1,No.aspect Swale,no.aspect,2,1,big,Caged,Mild,33,1,1,0,3.03%,no,0,0,0,,,32,5.015,46.25,2.892,0,0.9144148,56.34,63.918,18.277,68.255,24.874,21.068,252.732,3056,98.6,2944,95,4596,158.4,5389,173.8,7281,242,7085,228.5,30351
swale,1,No.aspect Swale,no.aspect,2,1,small,Caged,Mild,37,2,2,0,5.41%,no,0,0,0,,,35,5.72,33.45,4.50555,0.07135144,2.644816,56.34,63.918,18.277,68.255,24.874,21.068,252.732,3056,98.6,2944,95,4596,158.4,5389,173.8,7281,242,7085,228.5,30351
swale,2,No.aspect Swale,no.aspect,2,1,none,No Cage,No Herbivory,37,0,0,0,0.00%,no,0,0,,,,37,5.835,26.9,1.02,0.025871695,0.47099525,56.34,63.918,18.277,68.255,24.874,21.068,252.732,3056,98.6,2944,95,4596,158.4,5389,173.8,7281,242,7085,228.5,30351
swale,2,No.aspect Swale,no.aspect,2,1,big,Caged,Mild,39,5,5,0,12.82%,no,0,0,0,82,7,34,6.465,23.7,1.915,0.04445328,0.3876331,56.34,63.918,18.277,68.255,24.874,21.068,252.732,3056,98.6,2944,95,4596,158.4,5389,173.8,7281,242,7085,228.5,30351
swale,2,No.aspect Swale,no.aspect,2,1,small,Caged,Mild,50,8,8,0,16.00%,yes,0,0,0,68,0,42,6.075,39.9,1.9,0.06904331,0.8546079,56.34,63.918,18.277,68.255,24.874,21.068,252.732,3056,98.6,2944,95,4596,158.4,5389,173.8,7281,242,7085,228.5,30351
swale,3,No.aspect Swale,no.aspect,2,1,none,No Cage,No Herbivory,38,0,0,0,0.00%,no,0,0,,,,38,7.52,38.85,1.7475,0.02187346,0.6397984,56.34,63.918,18.277,68.255,24.874,21.068,252.732,3056,98.6,2944,95,4596,158.4,5389,173.8,7281,242,7085,228.5,30351
swale,3,No.aspect Swale,no.aspect,2,1,big,Caged,Mild,29,1,0,1,3.45%,no,59,59,100,68,45,146,5.855,23.5,1.3555,0.01921891,0.5112983,56.34,63.918,18.277,68.255,24.874,21.068,252.732,3056,98.6,2944,95,4596,158.4,5389,173.8,7281,242,7085,228.5,30351
swale,3,No.aspect Swale,no.aspect,2,1,small,Caged,Mild,35,1,0,1,2.86%,no,174,174,100,82,31,382,6.3,14,3.81,0.058379525,0.5739372,56.34,63.918,18.277,68.255,24.874,21.068,252.732,3056,98.6,2944,95,4596,158.4,5389,173.8,7281,242,7085,228.5,30351
gentle,1,South Gentle,south,3,1,none,No Cage,No Herbivory,38,0,0,0,0.00%,no,0,0,,,,38,6.2,29.55,2.43,0.05107025,0.41182745,39.495,216.726,229.417,31.727,31.983,35.3,584.648,2940,94.8,2965,91.6,2893,103.3,5886,189.87,7187,239.4,7897,254.7,29768
gentle,1,South Gentle,south,3,1,big,Caged,No Herbivory,77,0,0,0,0.00%,yes,0,0,,,,77,5.97,29.4,3.1305,0.034872385,0.2726921,39.495,216.726,229.417,31.727,31.983,35.3,584.648,2940,94.8,2965,91.6,2893,103.3,5886,189.87,7187,239.4,7897,254.7,29768
gentle,1,South Gentle,south,3,1,small,Caged,No Herbivory,40,0,0,0,0.00%,no,0,0,,,,40,5.665,48.7,2.7,0.02351763,0.59764135,39.495,216.726,229.417,31.727,31.983,35.3,584.648,2940,94.8,2965,91.6,2893,103.3,5886,189.87,7187,239.4,7897,254.7,29768
gentle,2,South Gentle,south,3,1,none,No Cage,No Herbivory,163,0,0,0,0.00%,yes,0,0,,,,163,6.05,31.9,3.335,0.071009595,0.9018188,39.495,216.726,229.417,31.727,31.983,35.3,584.648,2940,94.8,2965,91.6,2893,103.3,5886,189.87,7187,239.4,7897,254.7,29768
gentle,2,South Gentle,south,3,1,big,Caged,No Herbivory,39,0,0,0,0.00%,no,0,0,,,,39,6.05,35.55,4.71,0.084710795,1.0261715,39.495,216.726,229.417,31.727,31.983,35.3,584.648,2940,94.8,2965,91.6,2893,103.3,5886,189.87,7187,239.4,7897,254.7,29768
gentle,2,South Gentle,south,3,1,small,Caged,No Herbivory,253,0,0,0,0.00%,yes,0,0,,,,253,6.04,39.7,5.965,0.10647238,1.785604,39.495,216.726,229.417,31.727,31.983,35.3,584.648,2940,94.8,2965,91.6,2893,103.3,5886,189.87,7187,239.4,7897,254.7,29768
gentle,3,South Gentle,south,3,1,none,No Cage,No Herbivory,40,0,0,0,0.00%,no,0,0,,,,40,5.49,40,4.585,0.088741215,1.1707635,39.495,216.726,229.417,31.727,31.983,35.3,584.648,2940,94.8,2965,91.6,2893,103.3,5886,189.87,7187,239.4,7897,254.7,29768
gentle,3,South Gentle,south,3,1,big,Caged,No Herbivory,37,0,0,0,0.00%,no,0,0,,,,37,5.545,24.55,3.475,0.049255829,0.68140035,39.495,216.726,229.417,31.727,31.983,35.3,584.648,2940,94.8,2965,91.6,2893,103.3,5886,189.87,7187,239.4,7897,254.7,29768
gentle,3,South Gentle,south,3,1,small,Caged,Mild,535,1,1,0,0.19%,yes,0,0,0,,,534,5.28,30.8,2.4095,0.02624376,0.6555965,39.495,216.726,229.417,31.727,31.983,35.3,584.648,2940,94.8,2965,91.6,2893,103.3,5886,189.87,7187,239.4,7897,254.7,29768
ridge,1,No.aspect Ridge,no.aspect,3,1,none,No Cage,No Herbivory,123,0,0,0,0.00%,yes,0,0,,,,123,5.6,17,3.26,0.077025355,0.778946,39.495,216.726,229.417,31.727,31.983,35.3,584.648,2940,94.8,2965,91.6,2893,103.3,5886,189.87,7187,239.4,7897,254.7,29768
ridge,1,No.aspect Ridge,no.aspect,3,1,big,Caged,No Herbivory,162,0,0,0,0.00%,yes,0,0,,,,162,6.005,47.75,5.795,0.0808851,1.63661885,39.495,216.726,229.417,31.727,31.983,35.3,584.648,2940,94.8,2965,91.6,2893,103.3,5886,189.87,7187,239.4,7897,254.7,29768
ridge,1,No.aspect Ridge,no.aspect,3,1,small,Caged,Mild,223,1,0,1,0.45%,yes,233,233,100,40,64,688,6.2,30.65,3.104,0,0.69382165,39.495,216.726,229.417,31.727,31.983,35.3,584.648,2940,94.8,2965,91.6,2893,103.3,5886,189.87,7187,239.4,7897,254.7,29768
ridge,2,No.aspect Ridge,no.aspect,3,1,none,No Cage,No Herbivory,36,0,0,0,0.00%,no,0,0,,,,36,6.29,38.45,3.87,0,0.9661617,39.495,216.726,229.417,31.727,31.983,35.3,584.648,2940,94.8,2965,91.6,2893,103.3,5886,189.87,7187,239.4,7897,254.7,29768
ridge,2,No.aspect Ridge,no.aspect,3,1,big,Caged,No Herbivory,40,0,0,0,0.00%,no,0,0,,,,40,5.48,51.1,6.8,0.079254195,1.03387125,39.495,216.726,229.417,31.727,31.983,35.3,584.648,2940,94.8,2965,91.6,2893,103.3,5886,189.87,7187,239.4,7897,254.7,29768
ridge,2,No.aspect Ridge,no.aspect,3,1,small,Caged,No Herbivory,41,0,0,0,0.00%,yes,0,0,,,,41,6.625,40.05,0.575,0.033405905,0.4886722,39.495,216.726,229.417,31.727,31.983,35.3,584.648,2940,94.8,2965,91.6,2893,103.3,5886,189.87,7187,239.4,7897,254.7,29768
ridge,3,No.aspect Ridge,no.aspect,3,1,none,No Cage,No Herbivory,34,0,0,0,0.00%,no,0,0,,,,34,6.195,31.45,4.705,0.087311655,0.77844155,39.495,216.726,229.417,31.727,31.983,35.3,584.648,2940,94.8,2965,91.6,2893,103.3,5886,189.87,7187,239.4,7897,254.7,29768
ridge,3,No.aspect Ridge,no.aspect,3,1,big,Caged,No Herbivory,37,0,0,0,0.00%,no,0,0,,,,37,6.24,40.15,3.43,0,0.7859843,39.495,216.726,229.417,31.727,31.983,35.3,584.648,2940,94.8,2965,91.6,2893,103.3,5886,189.87,7187,239.4,7897,254.7,29768
ridge,3,No.aspect Ridge,no.aspect,3,1,small,Caged,No Herbivory,38,0,0,0,0.00%,no,0,0,,,,38,6.46,26.65,4.325,0.056994475,0.7098949,39.495,216.726,229.417,31.727,31.983,35.3,584.648,2940,94.8,2965,91.6,2893,103.3,5886,189.87,7187,239.4,7897,254.7,29768
steep,1,South Steep,south,3,1,none,No Cage,No Herbivory,34,0,0,0,0.00%,no,0,0,,,,34,6.67,17.9,0.9735,0.029109955,0.29065965,39.495,216.726,229.417,31.727,31.983,35.3,584.648,2940,94.8,2965,91.6,2893,103.3,5886,189.87,7187,239.4,7897,254.7,29768
steep,1,South Steep,south,3,1,big,Caged,No Herbivory,36,0,0,0,0.00%,yes,0,0,,,,36,6.61,6.35,1.9245,0.025188235,0.12230563,39.495,216.726,229.417,31.727,31.983,35.3,584.648,2940,94.8,2965,91.6,2893,103.3,5886,189.87,7187,239.4,7897,254.7,29768
steep,1,South Steep,south,3,1,small,Caged,No Herbivory,25,0,0,0,0.00%,no,0,0,,,,25,6.345,11.7,2.396,0.026917945,0.26728505,39.495,216.726,229.417,31.727,31.983,35.3,584.648,2940,94.8,2965,91.6,2893,103.3,5886,189.87,7187,239.4,7897,254.7,29768
steep,2,South Steep,south,3,1,none,No Cage,No Herbivory,28,0,0,0,0.00%,no,0,0,,,,28,6.745,13.5,1.356,0.019222375,0,39.495,216.726,229.417,31.727,31.983,35.3,584.648,2940,94.8,2965,91.6,2893,103.3,5886,189.87,7187,239.4,7897,254.7,29768
steep,2,South Steep,south,3,1,big,Caged,No Herbivory,38,0,0,0,0.00%,no,0,0,,,,38,6.49,29.65,2.068,0.028855335,0.20495255,39.495,216.726,229.417,31.727,31.983,35.3,584.648,2940,94.8,2965,91.6,2893,103.3,5886,189.87,7187,239.4,7897,254.7,29768
steep,2,South Steep,south,3,1,small,Caged,No Herbivory,35,0,0,0,0.00%,no,0,0,,,,35,6.64,18.25,1.107,0.047090505,0.31778755,39.495,216.726,229.417,31.727,31.983,35.3,584.648,2940,94.8,2965,91.6,2893,103.3,5886,189.87,7187,239.4,7897,254.7,29768
steep,3,South Steep,south,3,1,none,No Cage,No Herbivory,34,0,0,0,0.00%,no,0,0,,,,34,6.02,34.5,1.589,0.01708491,0.29584435,39.495,216.726,229.417,31.727,31.983,35.3,584.648,2940,94.8,2965,91.6,2893,103.3,5886,189.87,7187,239.4,7897,254.7,29768
steep,3,South Steep,south,3,1,big,Caged,Severe,134,2,2,0,1.49%,yes,0,0,0,,,132,5.74,31.4,1.818,0.03967767,0.6011692,39.495,216.726,229.417,31.727,31.983,35.3,584.648,2940,94.8,2965,91.6,2893,103.3,5886,189.87,7187,239.4,7897,254.7,29768
steep,3,South Steep,south,3,1,small,Caged,No Herbivory,33,0,0,0,0.00%,no,0,0,,,,33,6.935,17.75,2.37,0.05470376,0.9791892,39.495,216.726,229.417,31.727,31.983,35.3,584.648,2940,94.8,2965,91.6,2893,103.3,5886,189.87,7187,239.4,7897,254.7,29768
swale,1,No.aspect Swale,no.aspect,3,1,none,No Cage,No Herbivory,39,0,0,0,0.00%,no,0,0,,,,39,6.29,23.75,2.4342,0.02079592,1.0641207,39.495,216.726,229.417,31.727,31.983,35.3,584.648,2940,94.8,2965,91.6,2893,103.3,5886,189.87,7187,239.4,7897,254.7,29768
swale,1,No.aspect Swale,no.aspect,3,1,big,Caged,No Herbivory,32,0,0,0,0.00%,no,0,0,,,,32,5.015,46.25,2.892,0,0.9144148,39.495,216.726,229.417,31.727,31.983,35.3,584.648,2940,94.8,2965,91.6,2893,103.3,5886,189.87,7187,239.4,7897,254.7,29768
swale,1,No.aspect Swale,no.aspect,3,1,small,Caged,No Herbivory,35,0,0,0,0.00%,no,0,0,,,,35,5.72,33.45,4.50555,0.07135144,2.644816,39.495,216.726,229.417,31.727,31.983,35.3,584.648,2940,94.8,2965,91.6,2893,103.3,5886,189.87,7187,239.4,7897,254.7,29768
swale,2,No.aspect Swale,no.aspect,3,1,none,No Cage,No Herbivory,37,0,0,0,0.00%,no,0,0,,,,37,5.835,26.9,1.02,0.025871695,0.47099525,39.495,216.726,229.417,31.727,31.983,35.3,584.648,2940,94.8,2965,91.6,2893,103.3,5886,189.87,7187,239.4,7897,254.7,29768
swale,2,No.aspect Swale,no.aspect,3,1,big,Caged,No Herbivory,34,1,1,0,2.94%,yes,0,0,0,,,33,6.465,23.7,1.915,0.04445328,0.3876331,39.495,216.726,229.417,31.727,31.983,35.3,584.648,2940,94.8,2965,91.6,2893,103.3,5886,189.87,7187,239.4,7897,254.7,29768
swale,2,No.aspect Swale,no.aspect,3,1,small,Caged,No Herbivory,42,0,0,0,0.00%,no,0,0,,,,42,6.075,39.9,1.9,0.06904331,0.8546079,39.495,216.726,229.417,31.727,31.983,35.3,584.648,2940,94.8,2965,91.6,2893,103.3,5886,189.87,7187,239.4,7897,254.7,29768
swale,3,No.aspect Swale,no.aspect,3,1,none,No Cage,No Herbivory,38,0,0,0,0.00%,no,0,0,,,,38,7.52,38.85,1.7475,0.02187346,0.6397984,39.495,216.726,229.417,31.727,31.983,35.3,584.648,2940,94.8,2965,91.6,2893,103.3,5886,189.87,7187,239.4,7897,254.7,29768
swale,3,No.aspect Swale,no.aspect,3,1,big,Caged,Severe,146,6,3,3,4.11%,yes,89,29.66666667,50,54.66666667,28.33333333,318,5.855,23.5,1.3555,0.01921891,0.5112983,39.495,216.726,229.417,31.727,31.983,35.3,584.648,2940,94.8,2965,91.6,2893,103.3,5886,189.87,7187,239.4,7897,254.7,29768
swale,3,No.aspect Swale,no.aspect,3,1,small,Caged,Mild,382,14,7,7,3.66%,yes,98,14,50,58.85714286,35.25,564,6.3,14,3.81,0.058379525,0.5739372,39.495,216.726,229.417,31.727,31.983,35.3,584.648,2940,94.8,2965,91.6,2893,103.3,5886,189.87,7187,239.4,7897,254.7,29768
gentle,1,South Gentle,south,4,1,none,No Cage,No Herbivory,38,0,0,0,0.00%,no,0,0,,,,38,6.2,29.55,2.43,0.05107025,0.41182745,4.677,81.951,8.286,117.28,19.292,16.755,248.241,3536,114.1,3627,117,4280,152.9,4548,146.7,7304,243.5,7807,251.8,31102
gentle,1,South Gentle,south,4,1,big,Caged,No Herbivory,77,0,0,0,0.00%,yes,0,0,,,,77,5.97,29.4,3.1305,0.034872385,0.2726921,4.677,81.951,8.286,117.28,19.292,16.755,248.241,3536,114.1,3627,117,4280,152.9,4548,146.7,7304,243.5,7807,251.8,31102
gentle,1,South Gentle,south,4,1,small,Caged,No Herbivory,40,0,0,0,0.00%,no,0,0,,,,40,5.665,48.7,2.7,0.02351763,0.59764135,4.677,81.951,8.286,117.28,19.292,16.755,248.241,3536,114.1,3627,117,4280,152.9,4548,146.7,7304,243.5,7807,251.8,31102
gentle,2,South Gentle,south,4,1,none,No Cage,No Herbivory,163,0,0,0,0.00%,yes,0,0,,,,163,6.05,31.9,3.335,0.071009595,0.9018188,4.677,81.951,8.286,117.28,19.292,16.755,248.241,3536,114.1,3627,117,4280,152.9,4548,146.7,7304,243.5,7807,251.8,31102
gentle,2,South Gentle,south,4,1,big,Caged,No Herbivory,39,0,0,0,0.00%,no,0,0,,,,39,6.05,35.55,4.71,0.084710795,1.0261715,4.677,81.951,8.286,117.28,19.292,16.755,248.241,3536,114.1,3627,117,4280,152.9,4548,146.7,7304,243.5,7807,251.8,31102
gentle,2,South Gentle,south,4,1,small,Caged,No Herbivory,253,0,0,0,0.00%,yes,0,0,,,,253,6.04,39.7,5.965,0.10647238,1.785604,4.677,81.951,8.286,117.28,19.292,16.755,248.241,3536,114.1,3627,117,4280,152.9,4548,146.7,7304,243.5,7807,251.8,31102
gentle,3,South Gentle,south,4,1,none,No Cage,No Herbivory,40,0,0,0,0.00%,no,0,0,,,,40,5.49,40,4.585,0.088741215,1.1707635,4.677,81.951,8.286,117.28,19.292,16.755,248.241,3536,114.1,3627,117,4280,152.9,4548,146.7,7304,243.5,7807,251.8,31102
gentle,3,South Gentle,south,4,1,big,Caged,No Herbivory,37,0,0,0,0.00%,no,0,0,,,,37,5.545,24.55,3.475,0.049255829,0.68140035,4.677,81.951,8.286,117.28,19.292,16.755,248.241,3536,114.1,3627,117,4280,152.9,4548,146.7,7304,243.5,7807,251.8,31102
gentle,3,South Gentle,south,4,1,small,Caged,No Herbivory,534,0,0,0,0.00%,yes,0,0,,,,534,5.28,30.8,2.4095,0.02624376,0.6555965,4.677,81.951,8.286,117.28,19.292,16.755,248.241,3536,114.1,3627,117,4280,152.9,4548,146.7,7304,243.5,7807,251.8,31102
ridge,1,No.aspect Ridge,no.aspect,4,1,none,No Cage,No Herbivory,123,0,0,0,0.00%,yes,0,0,,,,123,5.6,17,3.26,0.077025355,0.778946,4.677,81.951,8.286,117.28,19.292,16.755,248.241,3536,114.1,3627,117,4280,152.9,4548,146.7,7304,243.5,7807,251.8,31102
ridge,1,No.aspect Ridge,no.aspect,4,1,big,Caged,No Herbivory,162,0,0,0,0.00%,yes,0,0,,,,162,6.005,47.75,5.795,0.0808851,1.63661885,4.677,81.951,8.286,117.28,19.292,16.755,248.241,3536,114.1,3627,117,4280,152.9,4548,146.7,7304,243.5,7807,251.8,31102
ridge,1,No.aspect Ridge,no.aspect,4,1,small,Caged,No Herbivory,688,5,5,0,0.73%,yes,0,0,0,,,683,6.2,30.65,3.104,0,0.69382165,4.677,81.951,8.286,117.28,19.292,16.755,248.241,3536,114.1,3627,117,4280,152.9,4548,146.7,7304,243.5,7807,251.8,31102
ridge,2,No.aspect Ridge,no.aspect,4,1,none,No Cage,No Herbivory,36,0,0,0,0.00%,no,0,0,,,,36,6.29,38.45,3.87,0,0.9661617,4.677,81.951,8.286,117.28,19.292,16.755,248.241,3536,114.1,3627,117,4280,152.9,4548,146.7,7304,243.5,7807,251.8,31102
ridge,2,No.aspect Ridge,no.aspect,4,1,big,Caged,No Herbivory,40,0,0,0,0.00%,no,0,0,,,,40,5.48,51.1,6.8,0.079254195,1.03387125,4.677,81.951,8.286,117.28,19.292,16.755,248.241,3536,114.1,3627,117,4280,152.9,4548,146.7,7304,243.5,7807,251.8,31102
ridge,2,No.aspect Ridge,no.aspect,4,1,small,Caged,No Herbivory,41,0,0,0,0.00%,yes,0,0,,,,41,6.625,40.05,0.575,0.033405905,0.4886722,4.677,81.951,8.286,117.28,19.292,16.755,248.241,3536,114.1,3627,117,4280,152.9,4548,146.7,7304,243.5,7807,251.8,31102
ridge,3,No.aspect Ridge,no.aspect,4,1,none,No Cage,No Herbivory,34,0,0,0,0.00%,no,0,0,,,,34,6.195,31.45,4.705,0.087311655,0.77844155,4.677,81.951,8.286,117.28,19.292,16.755,248.241,3536,114.1,3627,117,4280,152.9,4548,146.7,7304,243.5,7807,251.8,31102
ridge,3,No.aspect Ridge,no.aspect,4,1,big,Caged,No Herbivory,37,0,0,0,0.00%,no,0,0,,,,37,6.24,40.15,3.43,0,0.7859843,4.677,81.951,8.286,117.28,19.292,16.755,248.241,3536,114.1,3627,117,4280,152.9,4548,146.7,7304,243.5,7807,251.8,31102
ridge,3,No.aspect Ridge,no.aspect,4,1,small,Caged,No Herbivory,38,0,0,0,0.00%,no,0,0,,,,38,6.46,26.65,4.325,0.056994475,0.7098949,4.677,81.951,8.286,117.28,19.292,16.755,248.241,3536,114.1,3627,117,4280,152.9,4548,146.7,7304,243.5,7807,251.8,31102
steep,1,South Steep,south,4,1,none,No Cage,No Herbivory,34,0,0,0,0.00%,no,0,0,,,,34,6.67,17.9,0.9735,0.029109955,0.29065965,4.677,81.951,8.286,117.28,19.292,16.755,248.241,3536,114.1,3627,117,4280,152.9,4548,146.7,7304,243.5,7807,251.8,31102
steep,1,South Steep,south,4,1,big,Caged,No Herbivory,36,0,0,0,0.00%,yes,0,0,,,,36,6.61,6.35,1.9245,0.025188235,0.12230563,4.677,81.951,8.286,117.28,19.292,16.755,248.241,3536,114.1,3627,117,4280,152.9,4548,146.7,7304,243.5,7807,251.8,31102
steep,1,South Steep,south,4,1,small,Caged,No Herbivory,25,0,0,0,0.00%,no,0,0,,,,25,6.345,11.7,2.396,0.026917945,0.26728505,4.677,81.951,8.286,117.28,19.292,16.755,248.241,3536,114.1,3627,117,4280,152.9,4548,146.7,7304,243.5,7807,251.8,31102
steep,2,South Steep,south,4,1,none,No Cage,No Herbivory,28,0,0,0,0.00%,no,0,0,,,,28,6.745,13.5,1.356,0.019222375,0,4.677,81.951,8.286,117.28,19.292,16.755,248.241,3536,114.1,3627,117,4280,152.9,4548,146.7,7304,243.5,7807,251.8,31102
steep,2,South Steep,south,4,1,big,Caged,No Herbivory,38,0,0,0,0.00%,no,0,0,,,,38,6.49,29.65,2.068,0.028855335,0.20495255,4.677,81.951,8.286,117.28,19.292,16.755,248.241,3536,114.1,3627,117,4280,152.9,4548,146.7,7304,243.5,7807,251.8,31102
steep,2,South Steep,south,4,1,small,Caged,No Herbivory,35,0,0,0,0.00%,no,0,0,,,,35,6.64,18.25,1.107,0.047090505,0.31778755,4.677,81.951,8.286,117.28,19.292,16.755,248.241,3536,114.1,3627,117,4280,152.9,4548,146.7,7304,243.5,7807,251.8,31102
steep,3,South Steep,south,4,1,none,No Cage,No Herbivory,34,0,0,0,0.00%,no,0,0,,,,34,6.02,34.5,1.589,0.01708491,0.29584435,4.677,81.951,8.286,117.28,19.292,16.755,248.241,3536,114.1,3627,117,4280,152.9,4548,146.7,7304,243.5,7807,251.8,31102
steep,3,South Steep,south,4,1,big,Caged,No Herbivory,132,0,0,0,0.00%,yes,0,0,,,,132,5.74,31.4,1.818,0.03967767,0.6011692,4.677,81.951,8.286,117.28,19.292,16.755,248.241,3536,114.1,3627,117,4280,152.9,4548,146.7,7304,243.5,7807,251.8,31102
steep,3,South Steep,south,4,1,small,Caged,No Herbivory,33,0,0,0,0.00%,no,0,0,,,,33,6.935,17.75,2.37,0.05470376,0.9791892,4.677,81.951,8.286,117.28,19.292,16.755,248.241,3536,114.1,3627,117,4280,152.9,4548,146.7,7304,243.5,7807,251.8,31102
swale,1,No.aspect Swale,no.aspect,4,1,none,No Cage,No Herbivory,39,0,0,0,0.00%,no,0,0,,,,39,6.29,23.75,2.4342,0.02079592,1.0641207,4.677,81.951,8.286,117.28,19.292,16.755,248.241,3536,114.1,3627,117,4280,152.9,4548,146.7,7304,243.5,7807,251.8,31102
swale,1,No.aspect Swale,no.aspect,4,1,big,Caged,No Herbivory,32,0,0,0,0.00%,no,0,0,,,,32,5.015,46.25,2.892,0,0.9144148,4.677,81.951,8.286,117.28,19.292,16.755,248.241,3536,114.1,3627,117,4280,152.9,4548,146.7,7304,243.5,7807,251.8,31102
swale,1,No.aspect Swale,no.aspect,4,1,small,Caged,No Herbivory,35,0,0,0,0.00%,no,0,0,,,,35,5.72,33.45,4.50555,0.07135144,2.644816,4.677,81.951,8.286,117.28,19.292,16.755,248.241,3536,114.1,3627,117,4280,152.9,4548,146.7,7304,243.5,7807,251.8,31102
swale,2,No.aspect Swale,no.aspect,4,1,none,No Cage,No Herbivory,37,0,0,0,0.00%,no,0,0,,,,37,5.835,26.9,1.02,0.025871695,0.47099525,4.677,81.951,8.286,117.28,19.292,16.755,248.241,3536,114.1,3627,117,4280,152.9,4548,146.7,7304,243.5,7807,251.8,31102
swale,2,No.aspect Swale,no.aspect,4,1,big,Caged,No Herbivory,33,0,0,0,0.00%,yes,0,0,,,,33,6.465,23.7,1.915,0.04445328,0.3876331,4.677,81.951,8.286,117.28,19.292,16.755,248.241,3536,114.1,3627,117,4280,152.9,4548,146.7,7304,243.5,7807,251.8,31102
swale,2,No.aspect Swale,no.aspect,4,1,small,Caged,No Herbivory,42,0,0,0,0.00%,no,0,0,,,,42,6.075,39.9,1.9,0.06904331,0.8546079,4.677,81.951,8.286,117.28,19.292,16.755,248.241,3536,114.1,3627,117,4280,152.9,4548,146.7,7304,243.5,7807,251.8,31102
swale,3,No.aspect Swale,no.aspect,4,1,none,No Cage,No Herbivory,38,0,0,0,0.00%,no,0,0,,,,38,7.52,38.85,1.7475,0.02187346,0.6397984,4.677,81.951,8.286,117.28,19.292,16.755,248.241,3536,114.1,3627,117,4280,152.9,4548,146.7,7304,243.5,7807,251.8,31102
swale,3,No.aspect Swale,no.aspect,4,1,big,Caged,Severe,318,3,2,1,0.94%,yes,3,3,33.33333333,105,15,321,5.855,23.5,1.3555,0.01921891,0.5112983,4.677,81.951,8.286,117.28,19.292,16.755,248.241,3536,114.1,3627,117,4280,152.9,4548,146.7,7304,243.5,7807,251.8,31102
swale,3,No.aspect Swale,no.aspect,4,1,small,Caged,Mild,564,22,20,2,3.90%,yes,30,10,9.090909091,126.5,6.5,602,6.3,14,3.81,0.058379525,0.5739372,4.677,81.951,8.286,117.28,19.292,16.755,248.241,3536,114.1,3627,117,4280,152.9,4548,146.7,7304,243.5,7807,251.8,31102
gentle,4,South Gentle,south,2,2,none,No Cage,No Herbivory,40,9,1,0,22.50%,no,0,0,0,,,31,5.94,39.65,1.905,0.080843045,1.1533976,56.34,63.918,18.277,68.255,24.874,21.068,252.732,3056,98.6,2944,95,4596,158.4,5389,173.8,7281,242,7085,228.5,30351
gentle,4,South Gentle,south,2,2,big,Caged,Mild,40,13,13,0,32.50%,no,0,0,0,,,27,5.88,19.75,2.295,0.079195345,1.0552516,56.34,63.918,18.277,68.255,24.874,21.068,252.732,3056,98.6,2944,95,4596,158.4,5389,173.8,7281,242,7085,228.5,30351
gentle,4,South Gentle,south,2,2,small,Caged,No Herbivory,40,10,10,0,25.00%,no,0,0,0,,,30,5.465,33.75,2.375,0.0195615,0.5656115,56.34,63.918,18.277,68.255,24.874,21.068,252.732,3056,98.6,2944,95,4596,158.4,5389,173.8,7281,242,7085,228.5,30351
gentle,5,South Gentle,south,2,2,none,No Cage,Mild,40,5,5,0,12.50%,no,0,0,0,,,35,5.38,25.55,2.855,0,0.5956499,56.34,63.918,18.277,68.255,24.874,21.068,252.732,3056,98.6,2944,95,4596,158.4,5389,173.8,7281,242,7085,228.5,30351
gentle,5,South Gentle,south,2,2,big,Caged,Mild,40,8,8,0,20.00%,no,0,0,0,,,32,5.555,23.95,1.2,0.02659348,0.5780991,56.34,63.918,18.277,68.255,24.874,21.068,252.732,3056,98.6,2944,95,4596,158.4,5389,173.8,7281,242,7085,228.5,30351
gentle,5,South Gentle,south,2,2,small,Caged,Mild,40,4,2,2,10.00%,no,11,5.5,50,101,14,58,6.01,21.3,3.43,0.048114535,0.42993585,56.34,63.918,18.277,68.255,24.874,21.068,252.732,3056,98.6,2944,95,4596,158.4,5389,173.8,7281,242,7085,228.5,30351
gentle,6,South Gentle,south,2,2,none,No Cage,Mild,40,5,4,1,12.50%,no,36,36,20,70,43,107,5.955,57.95,2.84,0.051315255,0.4244537,56.34,63.918,18.277,68.255,24.874,21.068,252.732,3056,98.6,2944,95,4596,158.4,5389,173.8,7281,242,7085,228.5,30351
gentle,6,South Gentle,south,2,2,big,Caged,Mild,40,5,5,0,12.50%,no,0,0,0,,,35,6.03,16.55,1.93,0.044332955,0.4225639,56.34,63.918,18.277,68.255,24.874,21.068,252.732,3056,98.6,2944,95,4596,158.4,5389,173.8,7281,242,7085,228.5,30351
gentle,6,South Gentle,south,2,2,small,Caged,Severe,40,7,7,0,17.50%,no,0,0,0,,,33,5.475,30.7,1.5555,0.029418635,0.53300175,56.34,63.918,18.277,68.255,24.874,21.068,252.732,3056,98.6,2944,95,4596,158.4,5389,173.8,7281,242,7085,228.5,30351
steep,4,South Steep,south,2,2,none,No Cage,Severe,40,12,12,0,30.00%,no,0,0,0,,,28,6.8,34.85,2.345,0.016962155,1.06648055,56.34,63.918,18.277,68.255,24.874,21.068,252.732,3056,98.6,2944,95,4596,158.4,5389,173.8,7281,242,7085,228.5,30351
steep,4,South Steep,south,2,2,big,Caged,No Herbivory,40,15,15,0,37.50%,no,0,0,0,,,25,5.99,32.8,2.95,0.039004985,0.5322551,56.34,63.918,18.277,68.255,24.874,21.068,252.732,3056,98.6,2944,95,4596,158.4,5389,173.8,7281,242,7085,228.5,30351
steep,4,South Steep,south,2,2,small,Caged,Severe,40,13,13,0,32.50%,no,0,0,0,,,27,6.335,66.35,3.31,0.052005475,0.3698053,56.34,63.918,18.277,68.255,24.874,21.068,252.732,3056,98.6,2944,95,4596,158.4,5389,173.8,7281,242,7085,228.5,30351
steep,5,South Steep,south,2,2,none,No Cage,No Herbivory,40,0,0,0,0.00%,no,0,0,,,,40,6.395,18.5,2.05,0.05563932,0.3601587,56.34,63.918,18.277,68.255,24.874,21.068,252.732,3056,98.6,2944,95,4596,158.4,5389,173.8,7281,242,7085,228.5,30351
steep,5,South Steep,south,2,2,big,Caged,Mild,40,8,8,0,20.00%,no,0,0,0,,,32,6.45,34.05,2.84,0.05428337,0.62390005,56.34,63.918,18.277,68.255,24.874,21.068,252.732,3056,98.6,2944,95,4596,158.4,5389,173.8,7281,242,7085,228.5,30351
steep,5,South Steep,south,2,2,small,Caged,Severe,40,18,17,1,45.00%,no,14,14,5.555555556,82,14,50,5.505,56.05,5.545,0,0.8642285,56.34,63.918,18.277,68.255,24.874,21.068,252.732,3056,98.6,2944,95,4596,158.4,5389,173.8,7281,242,7085,228.5,30351
steep,6,South Steep,south,2,2,none,No Cage,Severe,40,15,15,0,37.50%,no,0,0,0,,,25,7.05,16.25,2.58,0.03024732,0.13758615,56.34,63.918,18.277,68.255,24.874,21.068,252.732,3056,98.6,2944,95,4596,158.4,5389,173.8,7281,242,7085,228.5,30351
steep,6,South Steep,south,2,2,big,Caged,No Herbivory,40,4,4,0,10.00%,no,0,0,0,,,36,6.295,26.9,3.415,0.04098806,0.29874805,56.34,63.918,18.277,68.255,24.874,21.068,252.732,3056,98.6,2944,95,4596,158.4,5389,173.8,7281,242,7085,228.5,30351
steep,6,South Steep,south,2,2,small,Caged,Mild,40,11,11,0,27.50%,no,0,0,0,,,29,6.905,16.8,3.605,0.033586855,0.122796,56.34,63.918,18.277,68.255,24.874,21.068,252.732,3056,98.6,2944,95,4596,158.4,5389,173.8,7281,242,7085,228.5,30351
steep,1,North Steep,north,2,2,none,No Cage,Severe,40,7,6,1,17.50%,no,2,2,14.28571429,139,0,37,6.29,15.95,2.665,0.03640489,0.2277488,56.34,63.918,18.277,68.255,24.874,21.068,252.732,3056,98.6,2944,95,4596,158.4,5389,173.8,7281,242,7085,228.5,30351
steep,1,North Steep,north,2,2,big,Caged,Severe,40,9,8,1,22.50%,no,23,23,11.11111111,113,14,77,6.145,21.75,5.545,0.044625775,0.7734109,56.34,63.918,18.277,68.255,24.874,21.068,252.732,3056,98.6,2944,95,4596,158.4,5389,173.8,7281,242,7085,228.5,30351
steep,1,North Steep,north,2,2,small,Caged,Mild,40,8,6,2,20.00%,no,139,69.5,25,85.5,48.5,310,5.51,29.55,7.945,0.031090675,0.57696615,56.34,63.918,18.277,68.255,24.874,21.068,252.732,3056,98.6,2944,95,4596,158.4,5389,173.8,7281,242,7085,228.5,30351
steep,2,North Steep,north,2,2,none,No Cage,Severe,40,3,3,0,7.50%,no,0,0,0,,,37,5.515,42.7,8.39,0,1.417365,56.34,63.918,18.277,68.255,24.874,21.068,252.732,3056,98.6,2944,95,4596,158.4,5389,173.8,7281,242,7085,228.5,30351
steep,2,North Steep,north,2,2,big,Caged,Mild,40,13,7,6,32.50%,no,148,24.66666667,46.15384615,89.33333333,12.28,323,5.385,37.85,7.11,0,0.7806928,56.34,63.918,18.277,68.255,24.874,21.068,252.732,3056,98.6,2944,95,4596,158.4,5389,173.8,7281,242,7085,228.5,30351
steep,2,North Steep,north,2,2,small,Caged,Severe,40,9,7,2,22.50%,no,3,1.5,22.22222222,100,0,37,5.625,37.95,8.635,0,1.266846,56.34,63.918,18.277,68.255,24.874,21.068,252.732,3056,98.6,2944,95,4596,158.4,5389,173.8,7281,242,7085,228.5,30351
steep,3,North Steep,north,2,2,none,No Cage,No Herbivory,40,1,1,0,2.50%,no,0,0,0,,,39,5.565,32.65,3.605,0,0.52013245,56.34,63.918,18.277,68.255,24.874,21.068,252.732,3056,98.6,2944,95,4596,158.4,5389,173.8,7281,242,7085,228.5,30351
steep,3,North Steep,north,2,2,big,Caged,No Herbivory,40,3,3,0,7.50%,no,0,0,0,,,37,5.57,38.7,6.995,0.06428302,0.8171943,56.34,63.918,18.277,68.255,24.874,21.068,252.732,3056,98.6,2944,95,4596,158.4,5389,173.8,7281,242,7085,228.5,30351
steep,3,North Steep,north,2,2,small,Caged,Severe,40,12,12,0,30.00%,no,0,0,0,,,28,6.785,31.55,6.4,0.04034082,1.5241305,56.34,63.918,18.277,68.255,24.874,21.068,252.732,3056,98.6,2944,95,4596,158.4,5389,173.8,7281,242,7085,228.5,30351
swale,4,No.aspect Swale,no.aspect,2,2,none,No Cage,Severe,40,1,1,0,2.50%,no,0,0,0,,,39,6.175,32.2,2.545,0.024426855,0.76217225,56.34,63.918,18.277,68.255,24.874,21.068,252.732,3056,98.6,2944,95,4596,158.4,5389,173.8,7281,242,7085,228.5,30351
swale,4,No.aspect Swale,no.aspect,2,2,big,Caged,No Herbivory,40,7,6,1,17.50%,no,26,26,14.28571429,70,43,85,6.38,28.1,2.07,0.055314835,0.5421546,56.34,63.918,18.277,68.255,24.874,21.068,252.732,3056,98.6,2944,95,4596,158.4,5389,173.8,7281,242,7085,228.5,30351
swale,4,No.aspect Swale,no.aspect,2,2,small,Caged,Mild,40,13,13,0,32.50%,no,0,0,0,,,27,6.69,35.1,2.915,0.061559985,0.54151915,56.34,63.918,18.277,68.255,24.874,21.068,252.732,3056,98.6,2944,95,4596,158.4,5389,173.8,7281,242,7085,228.5,30351
swale,5,No.aspect Swale,no.aspect,2,2,none,No Cage,No Herbivory,40,1,1,0,2.50%,no,0,0,0,,,39,6.07,42.75,2.867,0.032717105,0.7005486,56.34,63.918,18.277,68.255,24.874,21.068,252.732,3056,98.6,2944,95,4596,158.4,5389,173.8,7281,242,7085,228.5,30351
swale,5,No.aspect Swale,no.aspect,2,2,big,Caged,Mild,40,8,8,0,20.00%,no,0,0,0,,,32,6.25,26.75,4.731,0.0408588,1.25105595,56.34,63.918,18.277,68.255,24.874,21.068,252.732,3056,98.6,2944,95,4596,158.4,5389,173.8,7281,242,7085,228.5,30351
swale,5,No.aspect Swale,no.aspect,2,2,small,Caged,Mild,40,10,5,5,25.00%,no,59,11.8,50,82,18.5,148,6.775,20.75,2.575,0.052427105,0.468903,56.34,63.918,18.277,68.255,24.874,21.068,252.732,3056,98.6,2944,95,4596,158.4,5389,173.8,7281,242,7085,228.5,30351
swale,6,No.aspect Swale,no.aspect,2,2,none,No Cage,Severe,40,5,5,0,12.50%,no,0,0,0,,,35,6.815,30.9,2.1955,0.076410345,0.65390695,56.34,63.918,18.277,68.255,24.874,21.068,252.732,3056,98.6,2944,95,4596,158.4,5389,173.8,7281,242,7085,228.5,30351
swale,6,No.aspect Swale,no.aspect,2,2,big,Caged,Mild,40,5,5,0,12.50%,no,0,0,0,,,35,5.375,46.95,1.8165,0,0.6073881,56.34,63.918,18.277,68.255,24.874,21.068,252.732,3056,98.6,2944,95,4596,158.4,5389,173.8,7281,242,7085,228.5,30351
swale,6,No.aspect Swale,no.aspect,2,2,small,Caged,No Herbivory,40,5,5,0,12.50%,no,0,0,0,,,35,7.415,32.8,1.85,0.063681345,0.4955881,56.34,63.918,18.277,68.255,24.874,21.068,252.732,3056,98.6,2944,95,4596,158.4,5389,173.8,7281,242,7085,228.5,30351
gentle,4,South Gentle,south,3,2,none,No Cage,No Herbivory,31,0,0,0,0.00%,no,0,0,,,,31,5.94,39.65,1.905,0.080843045,1.1533976,39.495,216.726,229.417,31.727,31.983,35.3,584.648,2940,94.8,2965,91.6,2893,103.3,5886,189.87,7187,239.4,7897,254.7,29768
gentle,4,South Gentle,south,3,2,big,Caged,No Herbivory,27,1,1,0,3.70%,no,0,0,0,,,26,5.88,19.75,2.295,0.079195345,1.0552516,39.495,216.726,229.417,31.727,31.983,35.3,584.648,2940,94.8,2965,91.6,2893,103.3,5886,189.87,7187,239.4,7897,254.7,29768
gentle,4,South Gentle,south,3,2,small,Caged,No Herbivory,30,1,1,0,3.33%,no,0,0,0,,,29,5.465,33.75,2.375,0.0195615,0.5656115,39.495,216.726,229.417,31.727,31.983,35.3,584.648,2940,94.8,2965,91.6,2893,103.3,5886,189.87,7187,239.4,7897,254.7,29768
gentle,5,South Gentle,south,3,2,none,No Cage,No Herbivory,35,0,0,0,0.00%,no,0,0,,,,35,5.38,25.55,2.855,0,0.5956499,39.495,216.726,229.417,31.727,31.983,35.3,584.648,2940,94.8,2965,91.6,2893,103.3,5886,189.87,7187,239.4,7897,254.7,29768
gentle,5,South Gentle,south,3,2,big,Caged,No Herbivory,32,1,1,0,3.13%,no,0,0,0,,,31,5.555,23.95,1.2,0.02659348,0.5780991,39.495,216.726,229.417,31.727,31.983,35.3,584.648,2940,94.8,2965,91.6,2893,103.3,5886,189.87,7187,239.4,7897,254.7,29768
gentle,5,South Gentle,south,3,2,small,Caged,No Herbivory,58,1,1,0,1.72%,yes,0,0,0,,,57,6.01,21.3,3.43,0.048114535,0.42993585,39.495,216.726,229.417,31.727,31.983,35.3,584.648,2940,94.8,2965,91.6,2893,103.3,5886,189.87,7187,239.4,7897,254.7,29768
gentle,6,South Gentle,south,3,2,none,No Cage,No Herbivory,107,0,0,0,0.00%,yes,0,0,,,,107,5.955,57.95,2.84,0.051315255,0.4244537,39.495,216.726,229.417,31.727,31.983,35.3,584.648,2940,94.8,2965,91.6,2893,103.3,5886,189.87,7187,239.4,7897,254.7,29768
gentle,6,South Gentle,south,3,2,big,Caged,No Herbivory,35,0,0,0,0.00%,no,0,0,,,,35,6.03,16.55,1.93,0.044332955,0.4225639,39.495,216.726,229.417,31.727,31.983,35.3,584.648,2940,94.8,2965,91.6,2893,103.3,5886,189.87,7187,239.4,7897,254.7,29768
gentle,6,South Gentle,south,3,2,small,Caged,No Herbivory,33,0,0,0,0.00%,no,0,0,,,,33,5.475,30.7,1.5555,0.029418635,0.53300175,39.495,216.726,229.417,31.727,31.983,35.3,584.648,2940,94.8,2965,91.6,2893,103.3,5886,189.87,7187,239.4,7897,254.7,29768
steep,4,South Steep,south,3,2,none,No Cage,No Herbivory,28,0,0,0,0.00%,no,0,0,,,,28,6.8,34.85,2.345,0.016962155,1.06648055,39.495,216.726,229.417,31.727,31.983,35.3,584.648,2940,94.8,2965,91.6,2893,103.3,5886,189.87,7187,239.4,7897,254.7,29768
steep,4,South Steep,south,3,2,big,Caged,Mild,25,1,0,1,4.00%,no,26,26,100,40,29,76,5.99,32.8,2.95,0.039004985,0.5322551,39.495,216.726,229.417,31.727,31.983,35.3,584.648,2940,94.8,2965,91.6,2893,103.3,5886,189.87,7187,239.4,7897,254.7,29768
steep,4,South Steep,south,3,2,small,Caged,Mild,27,1,0,1,3.70%,no,41,41,100,26,43,108,6.335,66.35,3.31,0.052005475,0.3698053,39.495,216.726,229.417,31.727,31.983,35.3,584.648,2940,94.8,2965,91.6,2893,103.3,5886,189.87,7187,239.4,7897,254.7,29768
steep,5,South Steep,south,3,2,none,No Cage,No Herbivory,40,0,0,0,0.00%,no,0,0,,,,40,6.395,18.5,2.05,0.05563932,0.3601587,39.495,216.726,229.417,31.727,31.983,35.3,584.648,2940,94.8,2965,91.6,2893,103.3,5886,189.87,7187,239.4,7897,254.7,29768
steep,5,South Steep,south,3,2,big,Caged,Mild,32,2,1,1,6.25%,yes,135,135,50,55,49,300,6.45,34.05,2.84,0.05428337,0.62390005,39.495,216.726,229.417,31.727,31.983,35.3,584.648,2940,94.8,2965,91.6,2893,103.3,5886,189.87,7187,239.4,7897,254.7,29768
steep,5,South Steep,south,3,2,small,Caged,No Herbivory,50,0,0,0,0.00%,no,0,0,,,,50,5.505,56.05,5.545,0,0.8642285,39.495,216.726,229.417,31.727,31.983,35.3,584.648,2940,94.8,2965,91.6,2893,103.3,5886,189.87,7187,239.4,7897,254.7,29768
steep,6,South Steep,south,3,2,none,No Cage,No Herbivory,25,0,0,0,0.00%,no,0,0,,,,25,7.05,16.25,2.58,0.03024732,0.13758615,39.495,216.726,229.417,31.727,31.983,35.3,584.648,2940,94.8,2965,91.6,2893,103.3,5886,189.87,7187,239.4,7897,254.7,29768
steep,6,South Steep,south,3,2,big,Caged,Mild,36,2,1,1,5.56%,no,113,113,50,40,29,260,6.295,26.9,3.415,0.04098806,0.29874805,39.495,216.726,229.417,31.727,31.983,35.3,584.648,2940,94.8,2965,91.6,2893,103.3,5886,189.87,7187,239.4,7897,254.7,29768
steep,6,South Steep,south,3,2,small,Caged,No Herbivory,29,0,0,0,0.00%,no,0,0,,,,29,6.905,16.8,3.605,0.033586855,0.122796,39.495,216.726,229.417,31.727,31.983,35.3,584.648,2940,94.8,2965,91.6,2893,103.3,5886,189.87,7187,239.4,7897,254.7,29768
steep,1,North Steep,north,3,2,none,No Cage,Severe,37,1,1,0,2.70%,yes,0,0,0,,,36,6.29,15.95,2.665,0.03640489,0.2277488,39.495,216.726,229.417,31.727,31.983,35.3,584.648,2940,94.8,2965,91.6,2893,103.3,5886,189.87,7187,239.4,7897,254.7,29768
steep,1,North Steep,north,3,2,big,Caged,Mild,77,5,3,2,6.49%,yes,245,122.5,40,40,53.5,562,6.145,21.75,5.545,0.044625775,0.7734109,39.495,216.726,229.417,31.727,31.983,35.3,584.648,2940,94.8,2965,91.6,2893,103.3,5886,189.87,7187,239.4,7897,254.7,29768
steep,1,North Steep,north,3,2,small,Caged,Mild,310,10,1,9,3.23%,yes,822,91.33333333,90,47.66666667,34.44444444,1944,5.51,29.55,7.945,0.031090675,0.57696615,39.495,216.726,229.417,31.727,31.983,35.3,584.648,2940,94.8,2965,91.6,2893,103.3,5886,189.87,7187,239.4,7897,254.7,29768
steep,2,North Steep,north,3,2,none,No Cage,No Herbivory,37,0,0,0,0.00%,no,0,0,,,,37,5.515,42.7,8.39,0,1.417365,39.495,216.726,229.417,31.727,31.983,35.3,584.648,2940,94.8,2965,91.6,2893,103.3,5886,189.87,7187,239.4,7897,254.7,29768
steep,2,North Steep,north,3,2,big,Caged,Severe,323,6,4,2,1.86%,yes,41,20.5,33.33333333,47.5,21.5,399,5.385,37.85,7.11,0,0.7806928,39.495,216.726,229.417,31.727,31.983,35.3,584.648,2940,94.8,2965,91.6,2893,103.3,5886,189.87,7187,239.4,7897,254.7,29768
steep,2,North Steep,north,3,2,small,Caged,Mild,37,2,0,2,5.41%,yes,109,54.5,100,62,31.5,253,5.625,37.95,8.635,0,1.266846,39.495,216.726,229.417,31.727,31.983,35.3,584.648,2940,94.8,2965,91.6,2893,103.3,5886,189.87,7187,239.4,7897,254.7,29768
steep,3,North Steep,north,3,2,none,No Cage,No Herbivory,39,0,0,0,0.00%,no,0,0,,,,39,5.565,32.65,3.605,0,0.52013245,39.495,216.726,229.417,31.727,31.983,35.3,584.648,2940,94.8,2965,91.6,2893,103.3,5886,189.87,7187,239.4,7897,254.7,29768
steep,3,North Steep,north,3,2,big,Caged,Mild,37,3,2,1,8.11%,no,43,43,33.33333333,69,49,120,5.57,38.7,6.995,0.06428302,0.8171943,39.495,216.726,229.417,31.727,31.983,35.3,584.648,2940,94.8,2965,91.6,2893,103.3,5886,189.87,7187,239.4,7897,254.7,29768
steep,3,North Steep,north,3,2,small,Caged,No Herbivory,28,0,0,0,0.00%,no,0,0,,,,28,6.785,31.55,6.4,0.04034082,1.5241305,39.495,216.726,229.417,31.727,31.983,35.3,584.648,2940,94.8,2965,91.6,2893,103.3,5886,189.87,7187,239.4,7897,254.7,29768
swale,4,No.aspect Swale,no.aspect,3,2,none,No Cage,No Herbivory,39,0,0,0,0.00%,no,0,0,,,,39,6.175,32.2,2.545,0.024426855,0.76217225,39.495,216.726,229.417,31.727,31.983,35.3,584.648,2940,94.8,2965,91.6,2893,103.3,5886,189.87,7187,239.4,7897,254.7,29768
swale,4,No.aspect Swale,no.aspect,3,2,big,Caged,No Herbivory,85,1,1,0,1.18%,yes,0,0,0,,,84,6.38,28.1,2.07,0.055314835,0.5421546,39.495,216.726,229.417,31.727,31.983,35.3,584.648,2940,94.8,2965,91.6,2893,103.3,5886,189.87,7187,239.4,7897,254.7,29768
swale,4,No.aspect Swale,no.aspect,3,2,small,Caged,Severe,27,1,0,1,3.70%,no,68,68,100,40,43,162,6.69,35.1,2.915,0.061559985,0.54151915,39.495,216.726,229.417,31.727,31.983,35.3,584.648,2940,94.8,2965,91.6,2893,103.3,5886,189.87,7187,239.4,7897,254.7,29768
swale,5,No.aspect Swale,no.aspect,3,2,none,No Cage,No Herbivory,39,0,0,0,0.00%,no,0,0,,,,39,6.07,42.75,2.867,0.032717105,0.7005486,39.495,216.726,229.417,31.727,31.983,35.3,584.648,2940,94.8,2965,91.6,2893,103.3,5886,189.87,7187,239.4,7897,254.7,29768
swale,5,No.aspect Swale,no.aspect,3,2,big,Caged,Severe,32,1,0,1,3.13%,no,3,3,100,104,14,37,6.25,26.75,4.731,0.0408588,1.25105595,39.495,216.726,229.417,31.727,31.983,35.3,584.648,2940,94.8,2965,91.6,2893,103.3,5886,189.87,7187,239.4,7897,254.7,29768
swale,5,No.aspect Swale,no.aspect,3,2,small,Caged,Mild,148,13,3,10,8.78%,yes,532,53.2,76.92307692,49.5,30.4,1199,6.775,20.75,2.575,0.052427105,0.468903,39.495,216.726,229.417,31.727,31.983,35.3,584.648,2940,94.8,2965,91.6,2893,103.3,5886,189.87,7187,239.4,7897,254.7,29768
swale,6,No.aspect Swale,no.aspect,3,2,none,No Cage,No Herbivory,35,0,0,0,0.00%,no,0,0,,,,35,6.815,30.9,2.1955,0.076410345,0.65390695,39.495,216.726,229.417,31.727,31.983,35.3,584.648,2940,94.8,2965,91.6,2893,103.3,5886,189.87,7187,239.4,7897,254.7,29768
swale,6,No.aspect Swale,no.aspect,3,2,big,Caged,No Herbivory,35,0,0,0,0.00%,no,0,0,,,,35,5.375,46.95,1.8165,0,0.6073881,39.495,216.726,229.417,31.727,31.983,35.3,584.648,2940,94.8,2965,91.6,2893,103.3,5886,189.87,7187,239.4,7897,254.7,29768
swale,6,No.aspect Swale,no.aspect,3,2,small,Caged,No Herbivory,35,0,0,0,0.00%,no,0,0,,,,35,7.415,32.8,1.85,0.063681345,0.4955881,39.495,216.726,229.417,31.727,31.983,35.3,584.648,2940,94.8,2965,91.6,2893,103.3,5886,189.87,7187,239.4,7897,254.7,29768
gentle,4,South Gentle,south,4,2,none,No Cage,No Herbivory,31,0,0,0,0.00%,no,0,0,,,,31,5.94,39.65,1.905,0.080843045,1.1533976,4.677,81.951,8.286,117.28,19.292,16.755,248.241,3536,114.1,3627,117,4280,152.9,4548,146.7,7304,243.5,7807,251.8,31102
gentle,4,South Gentle,south,4,2,big,Caged,No Herbivory,26,0,0,0,0.00%,no,0,0,,,,26,5.88,19.75,2.295,0.079195345,1.0552516,4.677,81.951,8.286,117.28,19.292,16.755,248.241,3536,114.1,3627,117,4280,152.9,4548,146.7,7304,243.5,7807,251.8,31102
gentle,4,South Gentle,south,4,2,small,Caged,No Herbivory,29,0,0,0,0.00%,no,0,0,,,,29,5.465,33.75,2.375,0.0195615,0.5656115,4.677,81.951,8.286,117.28,19.292,16.755,248.241,3536,114.1,3627,117,4280,152.9,4548,146.7,7304,243.5,7807,251.8,31102
gentle,5,South Gentle,south,4,2,none,No Cage,No Herbivory,35,0,0,0,0.00%,no,0,0,,,,35,5.38,25.55,2.855,0,0.5956499,4.677,81.951,8.286,117.28,19.292,16.755,248.241,3536,114.1,3627,117,4280,152.9,4548,146.7,7304,243.5,7807,251.8,31102
gentle,5,South Gentle,south,4,2,big,Caged,No Herbivory,31,0,0,0,0.00%,no,0,0,,,,31,5.555,23.95,1.2,0.02659348,0.5780991,4.677,81.951,8.286,117.28,19.292,16.755,248.241,3536,114.1,3627,117,4280,152.9,4548,146.7,7304,243.5,7807,251.8,31102
gentle,5,South Gentle,south,4,2,small,Caged,No Herbivory,57,0,0,0,0.00%,yes,0,0,,,,57,6.01,21.3,3.43,0.048114535,0.42993585,4.677,81.951,8.286,117.28,19.292,16.755,248.241,3536,114.1,3627,117,4280,152.9,4548,146.7,7304,243.5,7807,251.8,31102
gentle,6,South Gentle,south,4,2,none,No Cage,No Herbivory,107,0,0,0,0.00%,yes,0,0,,,,107,5.955,57.95,2.84,0.051315255,0.4244537,4.677,81.951,8.286,117.28,19.292,16.755,248.241,3536,114.1,3627,117,4280,152.9,4548,146.7,7304,243.5,7807,251.8,31102
gentle,6,South Gentle,south,4,2,big,Caged,No Herbivory,35,0,0,0,0.00%,no,0,0,,,,35,6.03,16.55,1.93,0.044332955,0.4225639,4.677,81.951,8.286,117.28,19.292,16.755,248.241,3536,114.1,3627,117,4280,152.9,4548,146.7,7304,243.5,7807,251.8,31102
gentle,6,South Gentle,south,4,2,small,Caged,No Herbivory,33,0,0,0,0.00%,no,0,0,,,,33,5.475,30.7,1.5555,0.029418635,0.53300175,4.677,81.951,8.286,117.28,19.292,16.755,248.241,3536,114.1,3627,117,4280,152.9,4548,146.7,7304,243.5,7807,251.8,31102
steep,4,South Steep,south,4,2,none,No Cage,No Herbivory,28,0,0,0,0.00%,no,0,0,,,,28,6.8,34.85,2.345,0.016962155,1.06648055,4.677,81.951,8.286,117.28,19.292,16.755,248.241,3536,114.1,3627,117,4280,152.9,4548,146.7,7304,243.5,7807,251.8,31102
steep,4,South Steep,south,4,2,big,Caged,No Herbivory,76,2,2,0,2.63%,yes,0,0,0,,,74,5.99,32.8,2.95,0.039004985,0.5322551,4.677,81.951,8.286,117.28,19.292,16.755,248.241,3536,114.1,3627,117,4280,152.9,4548,146.7,7304,243.5,7807,251.8,31102
steep,4,South Steep,south,4,2,small,Caged,Mild,108,1,0,1,0.93%,yes,49,49,100,77,27,205,6.335,66.35,3.31,0.052005475,0.3698053,4.677,81.951,8.286,117.28,19.292,16.755,248.241,3536,114.1,3627,117,4280,152.9,4548,146.7,7304,243.5,7807,251.8,31102
steep,5,South Steep,south,4,2,none,No Cage,No Herbivory,40,0,0,0,0.00%,no,0,0,,,,40,6.395,18.5,2.05,0.05563932,0.3601587,4.677,81.951,8.286,117.28,19.292,16.755,248.241,3536,114.1,3627,117,4280,152.9,4548,146.7,7304,243.5,7807,251.8,31102
steep,5,South Steep,south,4,2,big,Caged,Mild,300,3,0,3,1.00%,yes,119,39.66667,100,34,28,535,6.45,34.05,2.84,0.05428337,0.62390005,4.677,81.951,8.286,117.28,19.292,16.755,248.241,3536,114.1,3627,117,4280,152.9,4548,146.7,7304,243.5,7807,251.8,31102
steep,5,South Steep,south,4,2,small,Caged,No Herbivory,50,0,0,0,0.00%,no,0,0,,,,50,5.505,56.05,5.545,0,0.8642285,4.677,81.951,8.286,117.28,19.292,16.755,248.241,3536,114.1,3627,117,4280,152.9,4548,146.7,7304,243.5,7807,251.8,31102
steep,6,South Steep,south,4,2,none,No Cage,No Herbivory,25,0,0,0,0.00%,no,0,0,,,,25,7.05,16.25,2.58,0.03024732,0.13758615,4.677,81.951,8.286,117.28,19.292,16.755,248.241,3536,114.1,3627,117,4280,152.9,4548,146.7,7304,243.5,7807,251.8,31102
steep,6,South Steep,south,4,2,big,Caged,No Herbivory,260,0,0,0,0.00%,yes,0,0,,,,260,6.295,26.9,3.415,0.04098806,0.29874805,4.677,81.951,8.286,117.28,19.292,16.755,248.241,3536,114.1,3627,117,4280,152.9,4548,146.7,7304,243.5,7807,251.8,31102
steep,6,South Steep,south,4,2,small,Caged,No Herbivory,29,0,0,0,0.00%,no,0,0,,,,29,6.905,16.8,3.605,0.033586855,0.122796,4.677,81.951,8.286,117.28,19.292,16.755,248.241,3536,114.1,3627,117,4280,152.9,4548,146.7,7304,243.5,7807,251.8,31102
steep,1,North Steep,north,4,2,none,No Cage,No Herbivory,36,1,1,0,2.78%,yes,0,0,0,,,35,6.29,15.95,2.665,0.03640489,0.2277488,4.677,81.951,8.286,117.28,19.292,16.755,248.241,3536,114.1,3627,117,4280,152.9,4548,146.7,7304,243.5,7807,251.8,31102
steep,1,North Steep,north,4,2,big,Caged,No Herbivory,562,0,0,0,0.00%,yes,0,0,,,,562,6.145,21.75,5.545,0.044625775,0.7734109,4.677,81.951,8.286,117.28,19.292,16.755,248.241,3536,114.1,3627,117,4280,152.9,4548,146.7,7304,243.5,7807,251.8,31102
steep,1,North Steep,north,4,2,small,Caged,Severe,1944,2,1,1,0.10%,yes,10,10,50,62,28,1962,5.51,29.55,7.945,0.031090675,0.57696615,4.677,81.951,8.286,117.28,19.292,16.755,248.241,3536,114.1,3627,117,4280,152.9,4548,146.7,7304,243.5,7807,251.8,31102
steep,2,North Steep,north,4,2,none,No Cage,No Herbivory,37,0,0,0,0.00%,no,0,0,,,,37,5.515,42.7,8.39,0,1.417365,4.677,81.951,8.286,117.28,19.292,16.755,248.241,3536,114.1,3627,117,4280,152.9,4548,146.7,7304,243.5,7807,251.8,31102
steep,2,North Steep,north,4,2,big,Caged,No Herbivory,399,1,1,0,0.25%,yes,0,0,0,,,398,5.385,37.85,7.11,0,0.7806928,4.677,81.951,8.286,117.28,19.292,16.755,248.241,3536,114.1,3627,117,4280,152.9,4548,146.7,7304,243.5,7807,251.8,31102
steep,2,North Steep,north,4,2,small,Caged,No Herbivory,253,0,0,0,0.00%,yes,0,0,,,,253,5.625,37.95,8.635,0,1.266846,4.677,81.951,8.286,117.28,19.292,16.755,248.241,3536,114.1,3627,117,4280,152.9,4548,146.7,7304,243.5,7807,251.8,31102
steep,3,North Steep,north,4,2,none,No Cage,No Herbivory,39,0,0,0,0.00%,no,0,0,,,,39,5.565,32.65,3.605,0,0.52013245,4.677,81.951,8.286,117.28,19.292,16.755,248.241,3536,114.1,3627,117,4280,152.9,4548,146.7,7304,243.5,7807,251.8,31102
steep,3,North Steep,north,4,2,big,Caged,No Herbivory,120,0,0,0,0.00%,yes,0,0,,,,120,5.57,38.7,6.995,0.06428302,0.8171943,4.677,81.951,8.286,117.28,19.292,16.755,248.241,3536,114.1,3627,117,4280,152.9,4548,146.7,7304,243.5,7807,251.8,31102
steep,3,North Steep,north,4,2,small,Caged,No Herbivory,28,0,0,0,0.00%,no,0,0,,,,28,6.785,31.55,6.4,0.04034082,1.5241305,4.677,81.951,8.286,117.28,19.292,16.755,248.241,3536,114.1,3627,117,4280,152.9,4548,146.7,7304,243.5,7807,251.8,31102
swale,4,No.aspect Swale,no.aspect,4,2,none,No Cage,No Herbivory,39,0,0,0,0.00%,no,0,0,,,,39,6.175,32.2,2.545,0.024426855,0.76217225,4.677,81.951,8.286,117.28,19.292,16.755,248.241,3536,114.1,3627,117,4280,152.9,4548,146.7,7304,243.5,7807,251.8,31102
swale,4,No.aspect Swale,no.aspect,4,2,big,Caged,No Herbivory,84,0,0,0,0.00%,yes,0,0,0,,,84,6.38,28.1,2.07,0.055314835,0.5421546,4.677,81.951,8.286,117.28,19.292,16.755,248.241,3536,114.1,3627,117,4280,152.9,4548,146.7,7304,243.5,7807,251.8,31102
swale,4,No.aspect Swale,no.aspect,4,2,small,Caged,No Herbivory,162,0,0,0,0.00%,yes,0,0,,,,162,6.69,35.1,2.915,0.061559985,0.54151915,4.677,81.951,8.286,117.28,19.292,16.755,248.241,3536,114.1,3627,117,4280,152.9,4548,146.7,7304,243.5,7807,251.8,31102
swale,5,No.aspect Swale,no.aspect,4,2,none,No Cage,No Herbivory,39,0,0,0,0.00%,no,0,0,,,,39,6.07,42.75,2.867,0.032717105,0.7005486,4.677,81.951,8.286,117.28,19.292,16.755,248.241,3536,114.1,3627,117,4280,152.9,4548,146.7,7304,243.5,7807,251.8,31102
swale,5,No.aspect Swale,no.aspect,4,2,big,Caged,No Herbivory,37,0,0,0,0.00%,yes,0,0,,,,37,6.25,26.75,4.731,0.0408588,1.25105595,4.677,81.951,8.286,117.28,19.292,16.755,248.241,3536,114.1,3627,117,4280,152.9,4548,146.7,7304,243.5,7807,251.8,31102
swale,5,No.aspect Swale,no.aspect,4,2,small,Caged,Mild,1199,49,43,6,4.09%,yes,383,76.6,12.24489796,105.3,20.5,1916,6.775,20.75,2.575,0.052427105,0.468903,4.677,81.951,8.286,117.28,19.292,16.755,248.241,3536,114.1,3627,117,4280,152.9,4548,146.7,7304,243.5,7807,251.8,31102
swale,6,No.aspect Swale,no.aspect,4,2,none,No Cage,No Herbivory,35,0,0,0,0.00%,no,0,0,,,,35,6.815,30.9,2.1955,0.076410345,0.65390695,4.677,81.951,8.286,117.28,19.292,16.755,248.241,3536,114.1,3627,117,4280,152.9,4548,146.7,7304,243.5,7807,251.8,31102
swale,6,No.aspect Swale,no.aspect,4,2,big,Caged,No Herbivory,35,0,0,0,0.00%,no,0,0,,,,35,5.375,46.95,1.8165,0,0.6073881,4.677,81.951,8.286,117.28,19.292,16.755,248.241,3536,114.1,3627,117,4280,152.9,4548,146.7,7304,243.5,7807,251.8,31102
swale,6,No.aspect Swale,no.aspect,4,2,small,Caged,No Herbivory,35,0,0,0,0.00%,no,0,0,,,,35,7.415,32.8,1.85,0.063681345,0.4955881,4.677,81.951,8.286,117.28,19.292,16.755,248.241,3536,114.1,3627,117,4280,152.9,4548,146.7,7304,243.5,7807,251.8,31102
gentle,4,South Gentle,south,5,2,none,No Cage,No Herbivory,31,0,0,0,0.00%,no,0,0,,,,31,5.94,39.65,1.905,0.080843045,1.1533976,19.291,95.424,29.698,43.912,15.487,41.884,245.696,3511,113.2580645,3262,105.2258065,3936,140.5714286,5836,188.2580645,7673,255.7666667,8100,261.2903226,32318
gentle,4,South Gentle,south,5,2,big,Caged,No Herbivory,26,0,0,0,0.00%,no,0,0,,,,26,5.88,19.75,2.295,0.079195345,1.0552516,19.291,95.424,29.698,43.912,15.487,41.884,245.696,3511,113.2580645,3262,105.2258065,3936,140.5714286,5836,188.2580645,7673,255.7666667,8100,261.2903226,32318
gentle,4,South Gentle,south,5,2,small,Caged,No Herbivory,29,0,0,0,0.00%,no,0,0,,,,29,5.465,33.75,2.375,0.0195615,0.5656115,19.291,95.424,29.698,43.912,15.487,41.884,245.696,3511,113.2580645,3262,105.2258065,3936,140.5714286,5836,188.2580645,7673,255.7666667,8100,261.2903226,32318
gentle,5,South Gentle,south,5,2,none,No Cage,No Herbivory,35,0,0,0,0.00%,no,0,0,,,,35,5.38,25.55,2.855,0,0.5956499,19.291,95.424,29.698,43.912,15.487,41.884,245.696,3511,113.2580645,3262,105.2258065,3936,140.5714286,5836,188.2580645,7673,255.7666667,8100,261.2903226,32318
gentle,5,South Gentle,south,5,2,big,Caged,No Herbivory,31,0,0,0,0.00%,no,0,0,,,,31,5.555,23.95,1.2,0.02659348,0.5780991,19.291,95.424,29.698,43.912,15.487,41.884,245.696,3511,113.2580645,3262,105.2258065,3936,140.5714286,5836,188.2580645,7673,255.7666667,8100,261.2903226,32318
gentle,5,South Gentle,south,5,2,small,Caged,No Herbivory,57,0,0,0,0.00%,yes,0,0,,,,57,6.01,21.3,3.43,0.048114535,0.42993585,19.291,95.424,29.698,43.912,15.487,41.884,245.696,3511,113.2580645,3262,105.2258065,3936,140.5714286,5836,188.2580645,7673,255.7666667,8100,261.2903226,32318
gentle,6,South Gentle,south,5,2,none,No Cage,No Herbivory,107,0,0,0,0.00%,yes,0,0,,,,107,5.955,57.95,2.84,0.051315255,0.4244537,19.291,95.424,29.698,43.912,15.487,41.884,245.696,3511,113.2580645,3262,105.2258065,3936,140.5714286,5836,188.2580645,7673,255.7666667,8100,261.2903226,32318
gentle,6,South Gentle,south,5,2,big,Caged,No Herbivory,35,0,0,0,0.00%,no,0,0,,,,35,6.03,16.55,1.93,0.044332955,0.4225639,19.291,95.424,29.698,43.912,15.487,41.884,245.696,3511,113.2580645,3262,105.2258065,3936,140.5714286,5836,188.2580645,7673,255.7666667,8100,261.2903226,32318
gentle,6,South Gentle,south,5,2,small,Caged,No Herbivory,33,0,0,0,0.00%,no,0,0,,,,33,5.475,30.7,1.5555,0.029418635,0.53300175,19.291,95.424,29.698,43.912,15.487,41.884,245.696,3511,113.2580645,3262,105.2258065,3936,140.5714286,5836,188.2580645,7673,255.7666667,8100,261.2903226,32318
swale,4,No.aspect Swale,no.aspect,5,2,none,No Cage,No Herbivory,39,0,0,0,0.00%,no,,,,,,39,6.175,32.2,2.545,0.024426855,0.76217225,19.291,95.424,29.698,43.912,15.487,41.884,245.696,3511,113.2580645,3262,105.2258065,3936,140.5714286,5836,188.2580645,7673,255.7666667,8100,261.2903226,32318
swale,4,No.aspect Swale,no.aspect,5,2,big,Caged,No Herbivory,84,0,0,0,0.00%,yes,,,,,,84,6.38,28.1,2.07,0.055314835,0.5421546,19.291,95.424,29.698,43.912,15.487,41.884,245.696,3511,113.2580645,3262,105.2258065,3936,140.5714286,5836,188.2580645,7673,255.7666667,8100,261.2903226,32318
swale,4,No.aspect Swale,no.aspect,5,2,small,Caged,No Herbivory,162,1,0,1,0.62%,yes,7,7,100,150,0,175,6.69,35.1,2.915,0.061559985,0.54151915,19.291,95.424,29.698,43.912,15.487,41.884,245.696,3511,113.2580645,3262,105.2258065,3936,140.5714286,5836,188.2580645,7673,255.7666667,8100,261.2903226,32318
swale,5,No.aspect Swale,no.aspect,5,2,none,No Cage,No Herbivory,39,0,0,0,0.00%,no,,,,,,39,6.07,42.75,2.867,0.032717105,0.7005486,19.291,95.424,29.698,43.912,15.487,41.884,245.696,3511,113.2580645,3262,105.2258065,3936,140.5714286,5836,188.2580645,7673,255.7666667,8100,261.2903226,32318
swale,5,No.aspect Swale,no.aspect,5,2,big,Caged,No Herbivory,37,0,0,0,0.00%,yes,,,,,,37,6.25,26.75,4.731,0.0408588,1.25105595,19.291,95.424,29.698,43.912,15.487,41.884,245.696,3511,113.2580645,3262,105.2258065,3936,140.5714286,5836,188.2580645,7673,255.7666667,8100,261.2903226,32318
swale,5,No.aspect Swale,no.aspect,5,2,small,Caged,Mild,1199,75,27,51,6.26%,yes,775,16.14583333,64,133.8125,8.1875,2674,6.775,20.75,2.575,0.052427105,0.468903,19.291,95.424,29.698,43.912,15.487,41.884,245.696,3511,113.2580645,3262,105.2258065,3936,140.5714286,5836,188.2580645,7673,255.7666667,8100,261.2903226,32318
swale,6,No.aspect Swale,no.aspect,5,2,none,No Cage,No Herbivory,35,0,0,0,0.00%,no,,,,,,35,6.815,30.9,2.1955,0.076410345,0.65390695,19.291,95.424,29.698,43.912,15.487,41.884,245.696,3511,113.2580645,3262,105.2258065,3936,140.5714286,5836,188.2580645,7673,255.7666667,8100,261.2903226,32318
swale,6,No.aspect Swale,no.aspect,5,2,big,Caged,No Herbivory,35,0,0,0,0.00%,no,,,,,,35,5.375,46.95,1.8165,0,0.6073881,19.291,95.424,29.698,43.912,15.487,41.884,245.696,3511,113.2580645,3262,105.2258065,3936,140.5714286,5836,188.2580645,7673,255.7666667,8100,261.2903226,32318
swale,6,No.aspect Swale,no.aspect,5,2,small,Caged,No Herbivory,35,0,0,0,0.00%,no,,,,,,35,7.415,32.8,1.85,0.063681345,0.4955881,19.291,95.424,29.698,43.912,15.487,41.884,245.696,3511,113.2580645,3262,105.2258065,3936,140.5714286,5836,188.2580645,7673,255.7666667,8100,261.2903226,32318
steep,4,South Steep,south,5,2,none,No Cage,No Herbivory,28,0,0,0,0.00%,no,,,,,,28,6.8,34.85,2.345,0.016962155,1.06648055,19.291,95.424,29.698,43.912,15.487,41.884,245.696,3511,113.2580645,3262,105.2258065,3936,140.5714286,5836,188.2580645,7673,255.7666667,8100,261.2903226,32318
steep,4,South Steep,south,5,2,big,Caged,No Herbivory,74,0,0,0,0.00%,yes,,,,,,74,5.99,32.8,2.95,0.039004985,0.5322551,19.291,95.424,29.698,43.912,15.487,41.884,245.696,3511,113.2580645,3262,105.2258065,3936,140.5714286,5836,188.2580645,7673,255.7666667,8100,261.2903226,32318
steep,4,South Steep,south,5,2,small,Caged,Mild,205,9,3,7,4.39%,yes,326,54.33333333,66.6666667,68,24.83333,848,6.335,66.35,3.31,0.052005475,0.3698053,19.291,95.424,29.698,43.912,15.487,41.884,245.696,3511,113.2580645,3262,105.2258065,3936,140.5714286,5836,188.2580645,7673,255.7666667,8100,261.2903226,32318
steep,5,South Steep,south,5,2,none,No Cage,No Herbivory,40,0,0,0,0.00%,no,,,,,,40,6.395,18.5,2.05,0.05563932,0.3601587,19.291,95.424,29.698,43.912,15.487,41.884,245.696,3511,113.2580645,3262,105.2258065,3936,140.5714286,5836,188.2580645,7673,255.7666667,8100,261.2903226,32318
steep,5,South Steep,south,5,2,big,Caged,Mild,535,12,5,7,2.24%,yes,85,12.1428,58.3333333,92.42857,11.85714,693,6.45,34.05,2.84,0.05428337,0.62390005,19.291,95.424,29.698,43.912,15.487,41.884,245.696,3511,113.2580645,3262,105.2258065,3936,140.5714286,5836,188.2580645,7673,255.7666667,8100,261.2903226,32318
steep,5,South Steep,south,5,2,small,Caged,No Herbivory,50,0,0,0,0.00%,no,,,,,,50,5.505,56.05,5.545,0,0.8642285,19.291,95.424,29.698,43.912,15.487,41.884,245.696,3511,113.2580645,3262,105.2258065,3936,140.5714286,5836,188.2580645,7673,255.7666667,8100,261.2903226,32318
steep,6,South Steep,south,5,2,none,No Cage,No Herbivory,25,0,0,0,0.00%,no,,,,,,25,7.05,16.25,2.58,0.03024732,0.13758615,19.291,95.424,29.698,43.912,15.487,41.884,245.696,3511,113.2580645,3262,105.2258065,3936,140.5714286,5836,188.2580645,7673,255.7666667,8100,261.2903226,32318
steep,6,South Steep,south,5,2,big,Caged,Mild,260,5,3,2,1.92%,yes,9,4.5,40,57,8,273,6.295,26.9,3.415,0.04098806,0.29874805,19.291,95.424,29.698,43.912,15.487,41.884,245.696,3511,113.2580645,3262,105.2258065,3936,140.5714286,5836,188.2580645,7673,255.7666667,8100,261.2903226,32318
steep,6,South Steep,south,5,2,small,Caged,No Herbivory,29,0,0,0,0.00%,no,,,,,,29,6.905,16.8,3.605,0.033586855,0.122796,19.291,95.424,29.698,43.912,15.487,41.884,245.696,3511,113.2580645,3262,105.2258065,3936,140.5714286,5836,188.2580645,7673,255.7666667,8100,261.2903226,32318
steep,1,North Steep,north,5,2,none,No Cage,No Herbivory,35,0,0,0,0.00%,yes,,,,,,35,6.29,15.95,2.665,0.03640489,0.2277488,19.291,95.424,29.698,43.912,15.487,41.884,245.696,3511,113.2580645,3262,105.2258065,3936,140.5714286,5836,188.2580645,7673,255.7666667,8100,261.2903226,32318
steep,1,North Steep,north,5,2,big,Caged,Mild,562,6,5,4,1.07%,yes,12,12,16.6666667,60,14,580,6.145,21.75,5.545,0.044625775,0.7734109,19.291,95.424,29.698,43.912,15.487,41.884,245.696,3511,113.2580645,3262,105.2258065,3936,140.5714286,5836,188.2580645,7673,255.7666667,8100,261.2903226,32318
steep,1,North Steep,north,5,2,small,Caged,Mild,1962,22,10,12,1.12%,yes,208,17.3333,54.5454545,97.41666667,9.5,2356,5.51,29.55,7.945,0.031090675,0.57696615,19.291,95.424,29.698,43.912,15.487,41.884,245.696,3511,113.2580645,3262,105.2258065,3936,140.5714286,5836,188.2580645,7673,255.7666667,8100,261.2903226,32318
steep,2,North Steep,north,5,2,none,No Cage,No Herbivory,37,0,0,0,0.00%,no,,,,,,37,5.515,42.7,8.39,0,1.417365,19.291,95.424,29.698,43.912,15.487,41.884,245.696,3511,113.2580645,3262,105.2258065,3936,140.5714286,5836,188.2580645,7673,255.7666667,8100,261.2903226,32318
steep,2,North Steep,north,5,2,big,Caged,Severe,398,2,2,1,0.50%,yes,,,0,,,396,5.385,37.85,7.11,0,0.7806928,19.291,95.424,29.698,43.912,15.487,41.884,245.696,3511,113.2580645,3262,105.2258065,3936,140.5714286,5836,188.2580645,7673,255.7666667,8100,261.2903226,32318
steep,2,North Steep,north,5,2,small,Caged,No Herbivory,253,0,0,0,0.00%,yes,,,,,,253,5.625,37.95,8.635,0,1.266846,19.291,95.424,29.698,43.912,15.487,41.884,245.696,3511,113.2580645,3262,105.2258065,3936,140.5714286,5836,188.2580645,7673,255.7666667,8100,261.2903226,32318
steep,3,North Steep,north,5,2,none,No Cage,No Herbivory,39,0,0,0,0.00%,no,,,,,,39,5.565,32.65,3.605,0,0.52013245,19.291,95.424,29.698,43.912,15.487,41.884,245.696,3511,113.2580645,3262,105.2258065,3936,140.5714286,5836,188.2580645,7673,255.7666667,8100,261.2903226,32318
steep,3,North Steep,north,5,2,big,Caged,No Herbivory,120,2,0,2,1.67%,yes,42,21,100,87,6,202,5.57,38.7,6.995,0.06428302,0.8171943,19.291,95.424,29.698,43.912,15.487,41.884,245.696,3511,113.2580645,3262,105.2258065,3936,140.5714286,5836,188.2580645,7673,255.7666667,8100,261.2903226,32318
steep,3,North Steep,north,5,2,small,Caged,No Herbivory,28,0,0,0,0.00%,no,,,,,,28,6.785,31.55,6.4,0.04034082,1.5241305,19.291,95.424,29.698,43.912,15.487,41.884,245.696,3511,113.2580645,3262,105.2258065,3936,140.5714286,5836,188.2580645,7673,255.7666667,8100,261.2903226,32318
gentle,1,South Gentle,south,5,1,none,No Cage,No Herbivory,38,0,0,0,0.00%,no,,,,,,38,6.2,29.55,2.43,0.05107025,0.41182745,19.291,95.424,29.698,43.912,15.487,41.884,245.696,3511,113.2580645,3262,105.2258065,3936,140.5714286,5836,188.2580645,7673,255.7666667,8100,261.2903226,32318
gentle,1,South Gentle,south,5,1,big,Caged,No Herbivory,77,0,0,0,0.00%,yes,,,,,,77,5.97,29.4,3.1305,0.034872385,0.2726921,19.291,95.424,29.698,43.912,15.487,41.884,245.696,3511,113.2580645,3262,105.2258065,3936,140.5714286,5836,188.2580645,7673,255.7666667,8100,261.2903226,32318
gentle,1,South Gentle,south,5,1,small,Caged,No Herbivory,40,0,0,0,0.00%,no,,,,,,40,5.665,48.7,2.7,0.02351763,0.59764135,19.291,95.424,29.698,43.912,15.487,41.884,245.696,3511,113.2580645,3262,105.2258065,3936,140.5714286,5836,188.2580645,7673,255.7666667,8100,261.2903226,32318
gentle,2,South Gentle,south,5,1,none,No Cage,No Herbivory,163,0,0,0,0.00%,yes,,,,,,163,6.05,31.9,3.335,0.071009595,0.9018188,19.291,95.424,29.698,43.912,15.487,41.884,245.696,3511,113.2580645,3262,105.2258065,3936,140.5714286,5836,188.2580645,7673,255.7666667,8100,261.2903226,32318
gentle,2,South Gentle,south,5,1,big,Caged,No Herbivory,39,0,0,0,0.00%,no,,,,,,39,6.05,35.55,4.71,0.084710795,1.0261715,19.291,95.424,29.698,43.912,15.487,41.884,245.696,3511,113.2580645,3262,105.2258065,3936,140.5714286,5836,188.2580645,7673,255.7666667,8100,261.2903226,32318
gentle,2,South Gentle,south,5,1,small,Caged,Mild,253,1,0,1,0.40%,yes,54,54,100,73,14,360,6.04,39.7,5.965,0.10647238,1.785604,19.291,95.424,29.698,43.912,15.487,41.884,245.696,3511,113.2580645,3262,105.2258065,3936,140.5714286,5836,188.2580645,7673,255.7666667,8100,261.2903226,32318
gentle,3,South Gentle,south,5,1,none,No Cage,No Herbivory,40,0,0,0,0.00%,no,,,,,,40,5.49,40,4.585,0.088741215,1.1707635,19.291,95.424,29.698,43.912,15.487,41.884,245.696,3511,113.2580645,3262,105.2258065,3936,140.5714286,5836,188.2580645,7673,255.7666667,8100,261.2903226,32318
gentle,3,South Gentle,south,5,1,big,Caged,No Herbivory,37,1,0,0,2.70%,no,,,0,,,36,5.545,24.55,3.475,0.049255829,0.68140035,19.291,95.424,29.698,43.912,15.487,41.884,245.696,3511,113.2580645,3262,105.2258065,3936,140.5714286,5836,188.2580645,7673,255.7666667,8100,261.2903226,32318
gentle,3,South Gentle,south,5,1,small,Caged,Mild,534,10,6,4,1.87%,yes,335,83.75,40,106.5,19.5,1194,5.28,30.8,2.4095,0.02624376,0.6555965,19.291,95.424,29.698,43.912,15.487,41.884,245.696,3511,113.2580645,3262,105.2258065,3936,140.5714286,5836,188.2580645,7673,255.7666667,8100,261.2903226,32318
swale,1,No.aspect Swale,no.aspect,5,1,none,No Cage,No Herbivory,39,0,0,0,0.00%,no,,,,,,39,6.29,23.75,2.4342,0.02079592,1.0641207,19.291,95.424,29.698,43.912,15.487,41.884,245.696,3511,113.2580645,3262,105.2258065,3936,140.5714286,5836,188.2580645,7673,255.7666667,8100,261.2903226,32318
swale,1,No.aspect Swale,no.aspect,5,1,big,Caged,No Herbivory,32,0,0,0,0.00%,no,,,,,,32,5.015,46.25,2.892,0,0.9144148,19.291,95.424,29.698,43.912,15.487,41.884,245.696,3511,113.2580645,3262,105.2258065,3936,140.5714286,5836,188.2580645,7673,255.7666667,8100,261.2903226,32318
swale,1,No.aspect Swale,no.aspect,5,1,small,Caged,No Herbivory,35,0,0,0,0.00%,no,,,,,,35,5.72,33.45,4.50555,0.07135144,2.644816,19.291,95.424,29.698,43.912,15.487,41.884,245.696,3511,113.2580645,3262,105.2258065,3936,140.5714286,5836,188.2580645,7673,255.7666667,8100,261.2903226,32318
swale,2,No.aspect Swale,no.aspect,5,1,none,No Cage,No Herbivory,37,0,0,0,0.00%,no,,,,,,37,5.835,26.9,1.02,0.025871695,0.47099525,19.291,95.424,29.698,43.912,15.487,41.884,245.696,3511,113.2580645,3262,105.2258065,3936,140.5714286,5836,188.2580645,7673,255.7666667,8100,261.2903226,32318
swale,2,No.aspect Swale,no.aspect,5,1,big,Caged,No Herbivory,33,0,0,0,0.00%,yes,,,,,,33,6.465,23.7,1.915,0.04445328,0.3876331,19.291,95.424,29.698,43.912,15.487,41.884,245.696,3511,113.2580645,3262,105.2258065,3936,140.5714286,5836,188.2580645,7673,255.7666667,8100,261.2903226,32318
swale,2,No.aspect Swale,no.aspect,5,1,small,Caged,No Herbivory,42,0,0,0,0.00%,no,,,,,,42,6.075,39.9,1.9,0.06904331,0.8546079,19.291,95.424,29.698,43.912,15.487,41.884,245.696,3511,113.2580645,3262,105.2258065,3936,140.5714286,5836,188.2580645,7673,255.7666667,8100,261.2903226,32318
swale,3,No.aspect Swale,no.aspect,5,1,none,No Cage,No Herbivory,38,0,0,0,0.00%,no,,,,,,38,7.52,38.85,1.7475,0.02187346,0.6397984,19.291,95.424,29.698,43.912,15.487,41.884,245.696,3511,113.2580645,3262,105.2258065,3936,140.5714286,5836,188.2580645,7673,255.7666667,8100,261.2903226,32318
swale,3,No.aspect Swale,no.aspect,5,1,big,Caged,Mild,321,3,1,2,0.93%,yes,80,40,66.6666667,109,40,478,5.855,23.5,1.3555,0.01921891,0.5112983,19.291,95.424,29.698,43.912,15.487,41.884,245.696,3511,113.2580645,3262,105.2258065,3936,140.5714286,5836,188.2580645,7673,255.7666667,8100,261.2903226,32318
swale,3,No.aspect Swale,no.aspect,5,1,small,Caged,Mild,602,38,25,17,6.31%,yes,52,4,34.2105263,132.6153,25.8461538,668,6.3,14,3.81,0.058379525,0.5739372,19.291,95.424,29.698,43.912,15.487,41.884,245.696,3511,113.2580645,3262,105.2258065,3936,140.5714286,5836,188.2580645,7673,255.7666667,8100,261.2903226,32318
steep,1,South Steep,south,5,1,none,No Cage,No Herbivory,34,0,0,0,0.00%,no,,,,,,34,6.67,17.9,0.9735,0.029109955,0.29065965,19.291,95.424,29.698,43.912,15.487,41.884,245.696,3511,113.2580645,3262,105.2258065,3936,140.5714286,5836,188.2580645,7673,255.7666667,8100,261.2903226,32318
steep,1,South Steep,south,5,1,big,Caged,No Herbivory,36,0,0,0,0.00%,yes,,,,,,36,6.61,6.35,1.9245,0.025188235,0.12230563,19.291,95.424,29.698,43.912,15.487,41.884,245.696,3511,113.2580645,3262,105.2258065,3936,140.5714286,5836,188.2580645,7673,255.7666667,8100,261.2903226,32318
steep,1,South Steep,south,5,1,small,Caged,No Herbivory,25,0,0,0,0.00%,no,,,,,,25,6.345,11.7,2.396,0.026917945,0.26728505,19.291,95.424,29.698,43.912,15.487,41.884,245.696,3511,113.2580645,3262,105.2258065,3936,140.5714286,5836,188.2580645,7673,255.7666667,8100,261.2903226,32318
steep,2,South Steep,south,5,1,none,No Cage,No Herbivory,28,0,0,0,0.00%,no,,,,,,28,6.745,13.5,1.356,0.019222375,0,19.291,95.424,29.698,43.912,15.487,41.884,245.696,3511,113.2580645,3262,105.2258065,3936,140.5714286,5836,188.2580645,7673,255.7666667,8100,261.2903226,32318
steep,2,South Steep,south,5,1,big,Caged,No Herbivory,38,0,0,0,0.00%,no,,,,,,38,6.49,29.65,2.068,0.028855335,0.20495255,19.291,95.424,29.698,43.912,15.487,41.884,245.696,3511,113.2580645,3262,105.2258065,3936,140.5714286,5836,188.2580645,7673,255.7666667,8100,261.2903226,32318
steep,2,South Steep,south,5,1,small,Caged,No Herbivory,35,0,0,0,0.00%,no,,,,,,35,6.64,18.25,1.107,0.047090505,0.31778755,19.291,95.424,29.698,43.912,15.487,41.884,245.696,3511,113.2580645,3262,105.2258065,3936,140.5714286,5836,188.2580645,7673,255.7666667,8100,261.2903226,32318
steep,3,South Steep,south,5,1,none,No Cage,No Herbivory,34,0,0,0,0.00%,no,,,,,,34,6.02,34.5,1.589,0.01708491,0.29584435,19.291,95.424,29.698,43.912,15.487,41.884,245.696,3511,113.2580645,3262,105.2258065,3936,140.5714286,5836,188.2580645,7673,255.7666667,8100,261.2903226,32318
steep,3,South Steep,south,5,1,big,Caged,No Herbivory,132,0,0,0,0.00%,yes,,,,,,132,5.74,31.4,1.818,0.03967767,0.6011692,19.291,95.424,29.698,43.912,15.487,41.884,245.696,3511,113.2580645,3262,105.2258065,3936,140.5714286,5836,188.2580645,7673,255.7666667,8100,261.2903226,32318
steep,3,South Steep,south,5,1,small,Caged,No Herbivory,33,0,0,0,0.00%,no,,,,,,33,6.935,17.75,2.37,0.05470376,0.9791892,19.291,95.424,29.698,43.912,15.487,41.884,245.696,3511,113.2580645,3262,105.2258065,3936,140.5714286,5836,188.2580645,7673,255.7666667,8100,261.2903226,32318
ridge,1,No.aspect Ridge,no.aspect,5,1,none,No Cage,No Herbivory,123,0,0,0,0.00%,yes,,,,,,123,5.6,17,3.26,0.077025355,0.778946,19.291,95.424,29.698,43.912,15.487,41.884,245.696,3511,113.2580645,3262,105.2258065,3936,140.5714286,5836,188.2580645,7673,255.7666667,8100,261.2903226,32318
ridge,1,No.aspect Ridge,no.aspect,5,1,big,Caged,No Herbivory,162,0,0,0,0.00%,yes,,,,,,162,6.005,47.75,5.795,0.0808851,1.63661885,19.291,95.424,29.698,43.912,15.487,41.884,245.696,3511,113.2580645,3262,105.2258065,3936,140.5714286,5836,188.2580645,7673,255.7666667,8100,261.2903226,32318
ridge,1,No.aspect Ridge,no.aspect,5,1,small,Caged,Severe,683,7,5,4,1.02%,yes,132,66,28.5714286,86,22,940,6.2,30.65,3.104,0,0.69382165,19.291,95.424,29.698,43.912,15.487,41.884,245.696,3511,113.2580645,3262,105.2258065,3936,140.5714286,5836,188.2580645,7673,255.7666667,8100,261.2903226,32318
ridge,2,No.aspect Ridge,no.aspect,5,1,none,No Cage,No Herbivory,36,0,0,0,0.00%,no,,,,,,36,6.29,38.45,3.87,0,0.9661617,19.291,95.424,29.698,43.912,15.487,41.884,245.696,3511,113.2580645,3262,105.2258065,3936,140.5714286,5836,188.2580645,7673,255.7666667,8100,261.2903226,32318
ridge,2,No.aspect Ridge,no.aspect,5,1,big,Caged,No Herbivory,40,0,0,0,0.00%,no,,,,,,40,5.48,51.1,6.8,0.079254195,1.03387125,19.291,95.424,29.698,43.912,15.487,41.884,245.696,3511,113.2580645,3262,105.2258065,3936,140.5714286,5836,188.2580645,7673,255.7666667,8100,261.2903226,32318
ridge,2,No.aspect Ridge,no.aspect,5,1,small,Caged,No Herbivory,41,0,0,0,0.00%,yes,,,,,,41,6.625,40.05,0.575,0.033405905,0.4886722,19.291,95.424,29.698,43.912,15.487,41.884,245.696,3511,113.2580645,3262,105.2258065,3936,140.5714286,5836,188.2580645,7673,255.7666667,8100,261.2903226,32318
ridge,3,No.aspect Ridge,no.aspect,5,1,none,No Cage,No Herbivory,34,0,0,0,0.00%,no,,,,,,34,6.195,31.45,4.705,0.087311655,0.77844155,19.291,95.424,29.698,43.912,15.487,41.884,245.696,3511,113.2580645,3262,105.2258065,3936,140.5714286,5836,188.2580645,7673,255.7666667,8100,261.2903226,32318
ridge,3,No.aspect Ridge,no.aspect,5,1,big,Caged,No Herbivory,37,0,0,0,0.00%,no,,,,,,37,6.24,40.15,3.43,0,0.7859843,19.291,95.424,29.698,43.912,15.487,41.884,245.696,3511,113.2580645,3262,105.2258065,3936,140.5714286,5836,188.2580645,7673,255.7666667,8100,261.2903226,32318
ridge,3,No.aspect Ridge,no.aspect,5,1,small,Caged,No Herbivory,38,0,0,0,0.00%,no,,,,,,38,6.46,26.65,4.325,0.056994475,0.7098949,19.291,95.424,29.698,43.912,15.487,41.884,245.696,3511,113.2580645,3262,105.2258065,3936,140.5714286,5836,188.2580645,7673,255.7666667,8100,261.2903226,32318
